0,1,2,3,4,5,6,7,8,9,10,11,12,13,14,15,16,17,18,19,20,21,22,23,24,25,26,27,28,29,30,31,32,33,34,35,36,37
1.8147224497566161,-1.3280096771070848,0.07473318974679605,0.8102646527468692,1.2165117212615977,-1.24841954159223,-0.17722462286608653,-0.3125298185695561,0.13381212564297876,1.538755431687717,1.252632254870696,-1.2743476920888372,-1.2591597824240062,-0.87212850070614,-1.267133618467607,-0.6573421981221795,-0.7586133896423841,1.0,0.0,0.0,0.0,0.0,0.0,0.0,1.0,0.0,0.0,0.0,0.0,1.0,0.0,0.0,1.0,0.0,0.0,0.0,0.0,1.0
0.8479891828320869,0.114625724420713,0.021600190652294838,1.2066562007805328,-0.5833083892552408,1.5939905625525732,1.5931877733601885,1.0607589584418657,1.4649144528251483,0.6068263316788363,0.6834757065067549,1.1365803740251796,0.6891760459626539,1.0416330995894658,1.1878903730278316,1.9720265943665387,1.746034872395773,0.0,0.0,0.0,1.0,0.0,0.0,0.0,0.0,1.0,0.0,1.0,0.0,0.0,0.0,0.0,0.0,1.0,0.0,0.0,1.0,0.0
-0.7699744438198455,-1.7917139133124493,0.9571204961376159,1.095075187963175,0.25833410846846067,0.5443038435945339,0.22316212535254434,0.34426046608808036,-0.12102368809064275,-0.6580059767797506,-1.0809095934214632,-0.0688836590318288,-0.15128254667472893,0.08475229944166292,0.05990637693533278,-0.6573421981221795,-0.363142611425833,1.0,0.0,0.0,0.0,0.0,0.0,0.0,0.0,1.0,0.0,0.0,0.0,1.0,0.0,1.0,0.0,0.0,1.0,0.0,0.0,0.0
0.4252961853692696,0.6642011154789222,-1.0258789343535817,0.3863962803069316,-0.8184230950970841,-0.0630991454654553,0.5517237698831003,-1.7455268032771265,0.5068920034603583,-0.860400352475712,0.7973070161795434,-0.0688836590318288,-0.4951065163900219,-0.87212850070614,-1.399837618007901,-1.314684396244359,-1.263937161807977,1.0,0.0,0.0,0.0,0.0,0.0,1.0,0.0,0.0,0.0,1.0,0.0,0.0,0.0,0.0,0.0,1.0,0.0,0.0,1.0,0.0
-0.6567169899542105,0.9905115039197329,1.6649279483607897,-1.2700238549667444,-1.6443912790979962,-0.4051318965866142,-0.0014823478846263036,-0.2528216108734073,0.816555452812652,-0.7913516822614836,1.4233792193798787,-0.0688836590318288,0.3835547395490601,0.08475229944166292,0.19261037647562676,0.6573421981221795,0.36188714863784405,0.0,0.0,0.0,0.0,1.0,1.0,0.0,0.0,0.0,0.0,0.0,0.0,0.0,1.0,0.0,1.0,0.0,0.0,0.0,1.0,0.0
1.3293333617610366,1.316821892360545,0.6079607878023237,1.124644156359775,-0.8082007165822215,-0.7766502297009763,0.7328147227987787,-0.849903687834895,-1.59829702492682,0.9499524317622834,-0.62558435473031,-1.2743476920888372,-1.2591597824240062,-1.829009300853943,-1.5657176174332685,-1.314684396244359,-1.5275843472856778,0.0,0.0,0.0,0.0,1.0,0.0,1.0,0.0,0.0,0.0,0.0,0.0,1.0,0.0,1.0,0.0,0.0,0.0,0.0,1.0,0.0
-0.9742423516846522,-0.8986539028428592,1.756013089665648,0.434515592084417,0.3578319260131245,-1.1835512612071823,-0.03968719027190025,0.8816343353534193,1.2176107770334796,0.8787520011962366,-0.9101626289122806,-0.0688836590318288,0.23074408634226323,1.0416330995894658,0.6902503747517292,0.6573421981221795,0.6255343341155448,1.0,0.0,0.0,0.0,0.0,0.0,1.0,0.0,0.0,0.0,0.0,0.0,1.0,0.0,0.0,0.0,1.0,0.0,0.0,0.0,1.0
1.4395571338267,-1.1390931364308265,0.9855846027953846,0.3597563134967875,0.7605936394987183,1.3640030230055868,0.36146365479447623,1.717549243099502,0.18340098038120198,1.632302198001809,-0.113343461202763,1.1365803740251796,0.8037840358677515,1.9985138997372687,1.6523543714188607,0.6573421981221795,0.581593136535928,1.0,0.0,0.0,0.0,0.0,0.0,0.0,1.0,0.0,0.0,1.0,0.0,0.0,0.0,0.0,1.0,0.0,1.0,0.0,0.0,0.0
-1.502102984879845,1.3511703543016824,-0.760213938881077,-0.9503442532450144,0.5990800589638863,1.7473155889172305,1.2615697414386502,-1.148444726315639,-1.452410940395474,-1.4431354558744318,0.6834757065067549,-0.0688836590318288,-0.4951065163900219,-0.87212850070614,-1.0680776191571661,0.0,-0.03358362957870704,0.0,0.0,0.0,1.0,0.0,0.0,0.0,0.0,0.0,1.0,0.0,0.0,1.0,0.0,0.0,1.0,0.0,1.0,0.0,0.0,0.0
0.49405963950197673,0.20049687927355783,0.9039874970431145,-0.4969069124084769,0.317623903854665,-0.7471646477077731,1.0980530160211177,0.702509712264973,-0.20833430766191868,1.2579865684476954,-0.2840904257119449,-1.2743476920888372,-0.686119832898518,0.08475229944166292,-0.2055016221452552,-0.6573421981221795,-0.5169368029544917,0.0,0.0,0.0,1.0,0.0,0.0,1.0,0.0,0.0,0.0,0.0,0.0,0.0,1.0,0.0,0.0,1.0,0.0,0.0,1.0,0.0
-1.6032257115455908,-0.4006012046963574,1.1203147076421545,0.8452731955183155,1.6158659752422364,0.49712691240540846,1.7849760821443035,1.5384246200110558,-0.39634219130416787,0.5631958381111357,0.5696443968339666,-0.0688836590318288,0.0015281065320679361,1.0416330995894658,0.8561303741770967,0.6573421981221795,0.7793285256442036,0.0,0.0,1.0,0.0,0.0,1.0,0.0,0.0,0.0,0.0,0.0,0.0,0.0,1.0,1.0,0.0,0.0,1.0,0.0,0.0,0.0
-1.1501958960830498,1.368344585272251,-1.593263460398432,-0.555207991605546,-1.003788892166596,-0.9004896740724304,-1.2698831151421215,-1.0887365186194902,-0.018367736525132697,-1.3539862651975987,1.3664635645434846,-1.2743476920888372,-1.0681464659155102,-1.829009300853943,-1.532541617548195,-1.9720265943665387,-1.8791139279226121,0.0,0.0,0.0,0.0,1.0,0.0,0.0,1.0,0.0,0.0,0.0,0.0,0.0,1.0,0.0,0.0,1.0,0.0,0.0,1.0,0.0
0.3282183677701536,-1.3623581390482236,1.7825795892128986,-1.7913861373558486,1.043412778409921,1.163501065451804,-0.18792197873452327,-0.2528216108734073,0.16313937732043476,-0.6434506374753728,-1.6500661417854043,1.1365803740251796,1.4914319752983374,1.0416330995894658,1.154714373142758,1.314684396244359,1.4604170881282639,1.0,0.0,0.0,0.0,0.0,0.0,0.0,1.0,0.0,0.0,0.0,1.0,0.0,0.0,0.0,0.0,1.0,0.0,0.0,0.0,1.0
-0.8225582616860336,-1.5341004487539134,-1.724198351024166,0.055698053569487455,1.6894671005492483,-0.5525598065526309,-1.490707104140565,-1.0290283109233413,-1.1675992627022551,-1.3196262724789924,0.5696443968339666,-1.2743476920888372,-1.4501730989325023,-1.829009300853943,-1.8311256165138565,-0.6573421981221795,-0.42905440779525816,1.0,0.0,0.0,0.0,0.0,1.0,0.0,0.0,0.0,0.0,1.0,0.0,0.0,0.0,0.0,1.0,0.0,1.0,0.0,0.0,0.0
-0.14402476575887935,0.25201957218526533,-1.6141371386141283,-0.5091808238183863,-1.0303670763052388,-0.906386790471071,-1.3149648291591047,-1.7455268032771265,0.6549030048376292,-1.5329396478155928,1.5941261838890612,-0.0688836590318288,-0.5333091796917211,-0.87212850070614,-1.4330136178929744,-1.314684396244359,-1.1101429702793184,0.0,0.0,0.0,0.0,1.0,0.0,1.0,0.0,0.0,0.0,0.0,0.0,1.0,0.0,0.0,0.0,1.0,0.0,0.0,0.0,1.0
0.6113620024342414,1.0076857348903014,0.49789957539228613,-0.3617544106334524,-1.1952881163450249,1.7178300069240269,-1.5396093023962754,-1.5066939724925315,-1.314042208651801,0.10861430336408445,-1.4793191772762218,1.1365803740251796,0.8419866991694508,0.08475229944166292,-0.1059736224900347,0.6573421981221795,0.6475049329053532,1.0,0.0,0.0,0.0,0.0,0.0,0.0,0.0,1.0,0.0,0.0,0.0,0.0,1.0,1.0,0.0,0.0,0.0,0.0,0.0,1.0
-1.4414293488803975,-0.8299569789605831,-0.7678043673231485,-0.7103055994216734,0.1227172201712816,-1.3014935891799957,0.757265821926634,-1.5066939724925315,0.18043648785860694,-0.3399889915375808,-1.023993938585069,1.1365803740251796,0.8037840358677515,0.08475229944166292,-0.1391496223751082,0.0,0.05429876558052654,1.0,0.0,0.0,0.0,0.0,1.0,0.0,0.0,0.0,0.0,0.0,0.0,1.0,0.0,1.0,0.0,0.0,0.0,0.0,1.0,0.0
0.013726687839684297,-1.4310550629304999,-0.4205422660983738,1.6105794671793676,1.0311459241920862,-0.9417694888629148,1.6268080346609892,0.1054276353034853,0.14621991002194984,-1.3211840996079163,0.5696443968339666,-1.2743476920888372,-0.8389304861053148,-0.87212850070614,-0.6699656205362842,0.0,0.31794595105822726,0.0,1.0,0.0,0.0,0.0,0.0,1.0,0.0,0.0,0.0,0.0,0.0,1.0,0.0,0.0,1.0,0.0,1.0,0.0,0.0,0.0
0.6983275473667828,-0.6238662073137545,-0.6027125487080917,-0.9896765602631329,-0.4872180312155305,-0.3815434309920515,1.3731278812094903,-0.013988780088812245,0.8112549059138566,1.257579053456537,-1.2516565579306453,-1.2743476920888372,-1.717591742044397,-1.829009300853943,-1.4993656176631216,-1.314684396244359,-1.198025365438552,1.0,0.0,0.0,0.0,0.0,0.0,1.0,0.0,0.0,0.0,1.0,0.0,0.0,0.0,1.0,0.0,0.0,0.0,0.0,0.0,1.0
0.15428727790507063,-0.5723435144020486,1.6820064123554515,-1.4339084675422387,1.1061100333010794,1.4052828377960718,0.21628525372283505,1.478716412314907,0.6560627412850114,0.6788617535260612,-0.056427806366368814,-1.2743476920888372,-1.3355651090274048,0.08475229944166292,-0.3382056216855492,-1.314684396244359,-1.4616725509162527,0.0,1.0,0.0,0.0,0.0,1.0,0.0,0.0,0.0,0.0,0.0,0.0,1.0,0.0,0.0,1.0,0.0,0.0,0.0,1.0,0.0
-1.3119922587482429,-1.5856231416656208,0.06714276130472396,0.18694521989590449,0.620887799795593,-1.2543166579908704,1.7887965663830308,1.1204671661380143,0.9856137431126962,-0.4597439282751623,1.4233792193798787,-1.2743476920888372,-1.0681464659155102,0.08475229944166292,-0.30502962180047566,-0.6573421981221795,-0.6927015932729589,1.0,0.0,0.0,0.0,0.0,1.0,0.0,0.0,0.0,0.0,0.0,1.0,0.0,0.0,0.0,0.0,1.0,0.0,1.0,0.0,0.0
0.34035309497004285,-0.07429081625554682,0.6193464304654307,-0.45004288702518647,0.2985421306269211,-1.5727609435174665,-0.6257494724926828,-0.2528216108734073,-0.5669724060442722,-0.21486345042503008,-0.9101626289122806,-0.0688836590318288,0.42175740285075936,0.08475229944166292,0.22578637636070026,0.6573421981221795,0.9770639147524791,0.0,0.0,0.0,0.0,1.0,0.0,0.0,0.0,0.0,1.0,0.0,0.0,1.0,0.0,0.0,0.0,1.0,1.0,0.0,0.0,0.0
1.3647263160940477,1.5229126640073736,-1.1700970747529418,0.7925511669621139,-0.4088464626015827,0.968896224296662,-0.6952822856375214,-1.148444726315639,0.712807748873644,1.2277536588504214,0.9680539806887258,-1.2743476920888372,-1.717591742044397,-1.829009300853943,-2.129709615479518,-0.6573421981221795,-0.6707309944831505,0.0,0.0,0.0,0.0,1.0,0.0,0.0,0.0,1.0,0.0,0.0,0.0,0.0,1.0,0.0,1.0,0.0,0.0,0.0,1.0,0.0
-0.7922214436863098,1.4026930472133898,0.39922400564535515,-0.36914665273260233,-1.1986955758499795,-0.6233252033363186,1.2363545454630496,0.702509712264973,-0.8050714251332205,1.0330022614921637,1.5941261838890612,-0.0688836590318288,0.11613609643716559,0.08475229944166292,0.49119437544128824,0.6573421981221795,0.6255343341155448,0.0,0.0,0.0,1.0,0.0,0.0,0.0,0.0,0.0,1.0,0.0,0.0,0.0,1.0,0.0,1.0,0.0,0.0,0.0,1.0,0.0
0.03900736950612074,1.5229126640073736,1.7749891607708272,0.5158302551750666,0.959589274588047,-0.6646050181268034,-1.11629964874528,1.1204671661380143,1.2400268672487318,-0.7291932125889226,0.6834757065067549,-0.0688836590318288,-0.342295863183225,0.08475229944166292,0.3253143760159207,0.0,-0.1873778211073658,0.0,0.0,0.0,0.0,1.0,0.0,0.0,0.0,1.0,0.0,0.0,0.0,0.0,1.0,1.0,0.0,0.0,0.0,0.0,1.0,0.0
0.2382191410376398,1.1279053516842852,0.17340875949372636,1.3729119098783962,-1.6757399065435754,0.6858346371619095,-0.2039680125371784,0.46367688148037794,1.5011411207487912,0.1570456584714593,-1.3654878676034339,-1.2743476920888372,-1.029943802613811,-0.87212850070614,-0.6367896206512106,-1.314684396244359,-1.3737901557570191,0.0,1.0,0.0,0.0,0.0,1.0,0.0,0.0,0.0,0.0,0.0,0.0,0.0,1.0,0.0,0.0,1.0,0.0,1.0,0.0,0.0
0.14619745977181114,0.1489741863618503,-0.2174983052729599,-1.557205486705419,0.8996179873008514,0.6032750075809409,-0.6517287653160291,-0.2528216108734073,1.1973167019049018,-1.226401931890575,-1.422403522439828,1.1365803740251796,0.6891760459626539,0.08475229944166292,0.4580183755562147,-0.6573421981221795,-0.6487603956933421,0.0,1.0,0.0,0.0,0.0,0.0,0.0,0.0,0.0,1.0,0.0,1.0,0.0,0.0,0.0,0.0,1.0,0.0,0.0,1.0,0.0
1.1189980902962855,-1.0360477506074115,0.5111828251659115,1.4630135777284123,0.7108447307263859,0.7212173355537539,1.4503016628317835,-0.7901954801387463,0.6453570459753672,1.0422008678326464,-0.3410060805483391,-0.0688836590318288,0.0015281065320679361,-0.87212850070614,-0.43773362134076965,-0.6573421981221795,-0.49496620416468334,0.0,0.0,0.0,1.0,0.0,0.0,0.0,0.0,1.0,0.0,0.0,1.0,0.0,0.0,1.0,0.0,0.0,0.0,0.0,0.0,1.0
-1.2755880771485746,1.1450795826548539,-0.12261794974706529,-1.8227682972107304,1.54635380134117,-1.0774031660316503,-0.5913651143441363,0.702509712264973,-0.4094752773169182,1.3111352183012064,-1.137825248257857,-0.0688836590318288,-0.4569038530883227,0.08475229944166292,-0.006445622834814209,-1.314684396244359,-1.1321135690691269,0.0,0.0,0.0,0.0,1.0,0.0,0.0,0.0,0.0,1.0,0.0,0.0,1.0,0.0,0.0,1.0,0.0,0.0,0.0,1.0,0.0
-1.5071591212131323,-0.6582146692548934,-0.9063296863909547,1.3418087025555574,1.6785632301333948,1.5350193985661669,-0.7571741303049051,-0.6110708570503,-0.41273132755474956,1.528535923324968,0.2281504678156021,1.1365803740251796,1.0330000156779469,0.08475229944166292,0.5575463752114352,1.314684396244359,1.1308581062811378,0.0,0.0,1.0,0.0,0.0,0.0,0.0,0.0,1.0,0.0,1.0,0.0,0.0,0.0,0.0,0.0,1.0,1.0,0.0,0.0,0.0
-0.6010994902880502,1.5572611259485107,-1.1738922889739776,-1.6107643728577505,0.868950851756263,0.5443038435945339,-1.430343453168672,1.2995917892264608,1.6660335901962582,-0.3280424924962357,1.3095479097070903,1.1365803740251796,1.415026648694939,1.9985138997372687,1.950938370384522,2.629368792488718,2.405152836090025,0.0,0.0,1.0,0.0,0.0,0.0,1.0,0.0,0.0,0.0,0.0,0.0,1.0,0.0,0.0,1.0,0.0,0.0,1.0,0.0,0.0
-0.24312503789131024,0.21767111024412647,1.2474543840468535,0.5403780779948852,-1.1005607421072965,-0.4464117113770985,-1.5296760433755843,1.001050750745717,-0.02521367749369151,-0.09521424090599068,1.3095479097070903,1.1365803740251796,1.567837301901736,1.9985138997372687,1.9177623704994484,0.0,0.29597535226841887,0.0,0.0,0.0,1.0,0.0,0.0,0.0,0.0,0.0,1.0,0.0,1.0,0.0,0.0,0.0,1.0,0.0,0.0,0.0,1.0,0.0
-0.6375036718877186,-0.4177754356669276,-1.4794070337673582,0.3918358546817776,-1.024915141097312,1.6352703773430581,1.7589967893209575,1.8369656584917997,-0.13346878080284266,-1.7432791279489706,-0.113343461202763,-1.2743476920888372,-1.0681464659155102,0.08475229944166292,0.09308237682040628,1.314684396244359,1.1747993038607547,0.0,1.0,0.0,0.0,0.0,0.0,0.0,1.0,0.0,0.0,0.0,1.0,0.0,0.0,0.0,1.0,0.0,0.0,1.0,0.0,0.0
0.45462177610233584,-1.6199716036067582,0.16392072394113677,-1.3291617917599439,1.1095174928060336,-0.19283570623554988,1.0483867209176616,-1.2678611417079364,-0.13642636437483993,-1.141471172651897,0.28506612265199627,1.1365803740251796,1.2240133321864428,0.08475229944166292,0.35849037590099425,0.0,0.2740047534786105,0.0,0.0,0.0,0.0,1.0,0.0,1.0,0.0,0.0,0.0,1.0,0.0,0.0,0.0,0.0,0.0,1.0,1.0,0.0,0.0,0.0
1.6509036325581081,0.7672465013023357,-0.8550942944069717,-0.24933654021996438,0.6202063078946028,1.2873405098232586,-0.9825827003898213,-0.5513626493541511,1.323257475133857,1.5337454840006504,0.7973070161795434,1.1365803740251796,1.567837301901736,1.0416330995894658,1.0551863734875377,0.6573421981221795,0.581593136535928,0.0,1.0,0.0,0.0,0.0,0.0,1.0,0.0,0.0,0.0,0.0,0.0,0.0,1.0,0.0,1.0,0.0,0.0,0.0,1.0,0.0
-1.119859078083326,1.5572611259485107,-0.6881048686813966,0.1718817831655614,1.527272028113426,0.031254716912795515,1.6810589108509184,-0.7304872724425975,0.729060226081397,-1.29773684747861,-1.1947409030942513,-0.0688836590318288,-0.4951065163900219,-0.87212850070614,-0.8358456199616516,-1.314684396244359,-1.263937161807977,0.0,1.0,0.0,0.0,0.0,0.0,0.0,0.0,1.0,0.0,1.0,0.0,0.0,0.0,0.0,0.0,1.0,0.0,1.0,0.0,0.0
1.2818056802281363,0.5439814986849386,1.2095022418364958,-0.7114214095498471,-0.08786377723489167,0.8096740815333642,0.7351070133420152,-0.6707790647464488,-0.42413676138096057,-0.41536843843471,-0.3979217353847333,-0.0688836590318288,0.42175740285075936,0.08475229944166292,-0.006445622834814209,0.0,0.07626936437033494,0.0,1.0,0.0,0.0,0.0,0.0,0.0,1.0,0.0,0.0,0.0,1.0,0.0,0.0,0.0,0.0,1.0,1.0,0.0,0.0,0.0
-0.17132790195863065,-0.2288588949906678,-1.5021783190935731,-0.7334586595812751,-0.25551078487864115,-0.3579549653974888,-1.2332064664503386,-1.148444726315639,-0.10460691603766904,0.5864717275646248,-0.45483739022112746,-1.2743476920888372,-1.3355651090274048,-1.829009300853943,-1.797949616628783,-0.6573421981221795,-0.363142611425833,0.0,0.0,0.0,0.0,1.0,0.0,0.0,0.0,0.0,1.0,0.0,0.0,0.0,1.0,1.0,0.0,0.0,0.0,0.0,1.0,0.0
-0.3654835371568624,0.9218145800374568,-1.3674482142468025,-0.9303991472039116,0.7490082771818738,-1.7024975042875612,1.1316732773219191,-1.626110387884829,-1.028971030774121,-0.008020919190458097,1.5372105290526672,-0.0688836590318288,0.03973076983376715,-0.87212850070614,-0.8690216198467251,0.6573421981221795,0.5156813401665028,0.0,0.0,1.0,0.0,0.0,0.0,1.0,0.0,0.0,0.0,0.0,1.0,0.0,0.0,0.0,1.0,0.0,1.0,0.0,0.0,0.0
-0.48784203642241486,-0.7097373621666009,0.615551216244395,1.533030663271304,1.081576324865409,0.5796865419863777,-1.5900396943474773,0.8816343353534193,1.024740788497385,0.6906884847742384,-1.536234832112616,-1.2743476920888372,-1.4501730989325023,-0.87212850070614,-0.7694936201915046,-0.6573421981221795,-0.7366427908525757,0.0,0.0,1.0,0.0,0.0,0.0,0.0,1.0,0.0,0.0,0.0,1.0,0.0,0.0,1.0,0.0,0.0,0.0,0.0,1.0,0.0
-0.8953666248853704,0.6813753464494909,-0.39966858788267706,1.3206083101202597,-1.3990541947412896,-1.1481685628153384,-0.9795263129988394,-1.0887365186194902,-0.622559473512678,1.248385014531896,1.0818852903615142,-0.0688836590318288,0.3453520762473609,0.08475229944166292,-0.30502962180047566,-1.314684396244359,-1.08817237148951,0.0,0.0,0.0,1.0,0.0,1.0,0.0,0.0,0.0,0.0,0.0,0.0,1.0,0.0,0.0,0.0,1.0,1.0,0.0,0.0,0.0
-0.8660410341523043,0.835943425184612,-0.28391455414108574,-1.7535880692639685,-1.008559335473532,-0.4169261293838953,0.596041387052338,-1.3275693494040852,0.8481109792369785,1.3716942466116238,1.3664635645434846,1.1365803740251796,0.7273787092643531,0.08475229944166292,-0.1059736224900347,0.0,0.29597535226841887,1.0,0.0,0.0,0.0,0.0,0.0,0.0,1.0,0.0,0.0,0.0,0.0,0.0,1.0,1.0,0.0,0.0,1.0,0.0,0.0,0.0
0.3261959132368387,-1.6199716036067582,0.36506707765603313,-1.1647192741203631,-0.09672317194777291,1.3816943722015096,1.5901313859692066,-0.7304872724425975,1.1721451840121504,1.0916191230888055,0.28506612265199627,-1.2743476920888372,-1.717591742044397,-1.829009300853943,-1.8974776162840035,-1.314684396244359,-1.6374373412347198,0.0,1.0,0.0,0.0,0.0,0.0,0.0,0.0,1.0,0.0,1.0,0.0,0.0,0.0,0.0,1.0,0.0,0.0,0.0,0.0,1.0
-1.241206350082221,1.0935568897431478,-0.018249558668581068,0.4398156901932414,-1.0910198554934247,-0.42282324578253583,-1.0658692567940786,-0.19311340317725856,1.5028922633673634,1.4681115492000905,-0.9670782837486748,-1.2743476920888372,-1.6793890787426977,-1.829009300853943,-1.5657176174332685,-1.9720265943665387,-2.2745847061391635,0.0,0.0,1.0,0.0,0.0,1.0,0.0,0.0,0.0,0.0,0.0,0.0,0.0,1.0,0.0,0.0,1.0,1.0,0.0,0.0,0.0
-1.2482849409488233,-0.38342697372578877,0.34229579232981894,0.12334404259001051,0.5745463505282157,-0.6999877165186477,-0.7541177429139232,-0.9693201032271925,-0.2303481587733544,0.6229259650281646,0.11431915814281374,-1.2743476920888372,-0.8389304861053148,-0.87212850070614,-1.267133618467607,-1.9720265943665387,-1.703349137604145,0.0,0.0,1.0,0.0,0.0,1.0,0.0,0.0,0.0,0.0,1.0,0.0,0.0,0.0,1.0,0.0,0.0,0.0,0.0,0.0,1.0
0.8156299102990483,0.6813753464494909,-0.9139201148330262,-1.2997322996293659,-0.03607039275958663,-0.5820453885458342,1.8025503096424493,1.239883581530312,1.220009426502098,1.4730037590565876,-1.536234832112616,-0.0688836590318288,0.30714941294566167,1.0416330995894658,0.9556583738323171,-0.6573421981221795,-0.7146721920627673,1.0,0.0,0.0,0.0,0.0,0.0,0.0,1.0,0.0,0.0,0.0,1.0,0.0,0.0,1.0,0.0,0.0,0.0,0.0,1.0,0.0
-0.1966085836250671,-1.499751986812776,-1.4376596773359647,-1.080894038241323,-1.452210563018576,0.30841918764890686,-1.6015011470636593,-1.3275693494040852,0.7035125849180899,-0.1304765519985451,-0.9101626289122806,-0.0688836590318288,0.45996006615245855,0.08475229944166292,-0.3382056216855492,0.0,0.12021056194995172,1.0,0.0,0.0,0.0,0.0,0.0,0.0,1.0,0.0,0.0,0.0,0.0,0.0,1.0,0.0,0.0,1.0,0.0,0.0,0.0,1.0
-1.1562632596829945,-0.38342697372578877,-0.03532802266324207,-0.6388937512185644,-1.2286812194935768,1.257854927830055,1.768165951493903,-1.2678611417079364,0.24620983573069852,-0.6670103833652103,-0.113343461202763,-0.0688836590318288,-0.0748772200713305,-0.87212850070614,-0.7694936201915046,0.0,0.05429876558052654,0.0,0.0,1.0,0.0,0.0,0.0,0.0,0.0,0.0,1.0,0.0,1.0,0.0,0.0,0.0,1.0,0.0,0.0,1.0,0.0,0.0
0.9379884095646007,1.1966022755665613,0.9836869956848664,-1.4135449327030707,1.3480396581528316,-0.6056338541403969,0.1719676365535974,0.4039686737842291,-0.12153094324354892,-0.5282692064667067,0.0004878484700253693,-0.0688836590318288,0.30714941294566167,0.08475229944166292,0.49119437544128824,0.0,0.23006355589899372,1.0,0.0,0.0,0.0,0.0,0.0,0.0,1.0,0.0,0.0,0.0,0.0,0.0,1.0,1.0,0.0,0.0,1.0,0.0,0.0,0.0
-1.2958126224817237,0.6470268845083521,-1.0752167192270472,1.1802951865024323,0.9473224203702112,-0.7707531133023353,-1.181247880803646,-0.9693201032271925,0.8163947506217419,-1.1059990987577506,-1.0809095934214632,-1.2743476920888372,-0.9917411393121117,-0.87212850070614,-1.399837618007901,-1.314684396244359,-1.1101429702793184,0.0,0.0,0.0,0.0,1.0,1.0,0.0,0.0,0.0,0.0,0.0,0.0,0.0,1.0,1.0,0.0,0.0,1.0,0.0,0.0,0.0
-0.3220007646905917,0.9905115039197329,1.175345313847174,0.023200083586432232,-1.4999149960879354,1.1693981818504446,1.691756266719355,1.5384246200110558,-1.6756087348346282,-0.2335558535001695,-0.62558435473031,-1.2743476920888372,-1.5265784255359007,-0.87212850070614,-0.4709096212258431,-1.314684396244359,-1.198025365438552,0.0,0.0,0.0,0.0,1.0,0.0,0.0,0.0,0.0,1.0,1.0,0.0,0.0,0.0,0.0,0.0,1.0,0.0,0.0,0.0,1.0
-0.16930544742531578,-0.4349496666374963,-0.1302083781891367,1.5100170793777243,-0.5628636322255149,-1.1304772136194163,1.5488701561909508,1.2995917892264608,-1.4213489894018692,0.29159682340815063,1.0818852903615142,1.1365803740251796,0.88018936247115,1.0416330995894658,1.486474371993493,1.314684396244359,1.5482994832874974,0.0,0.0,1.0,0.0,0.0,0.0,1.0,0.0,0.0,0.0,0.0,0.0,0.0,1.0,1.0,0.0,0.0,0.0,1.0,0.0,0.0
0.19473636857136914,0.9561630419785956,-0.1207203426365471,-0.5496289409646785,-0.8327344250178921,-0.7176790657145693,1.1744627007956656,-0.6707790647464488,0.6818839768919996,-0.08232786918267149,0.8542226710159375,-1.2743476920888372,-1.2973624457257056,-1.829009300853943,-1.4993656176631216,-1.9720265943665387,-2.0548787182410795,1.0,0.0,0.0,0.0,0.0,1.0,0.0,0.0,0.0,0.0,1.0,0.0,0.0,0.0,0.0,1.0,0.0,0.0,1.0,0.0,0.0
-1.0945783964168896,-1.6714942965184656,-1.58567303195636,0.2728625997652699,-1.649843214305923,-0.09848184385729908,-0.9359727926773471,0.9413425430495681,-1.4882657685979317,-1.2469162263956768,0.6834757065067549,-1.2743476920888372,-1.3355651090274048,-0.87212850070614,-0.6367896206512106,0.0,-0.2972308150564078,0.0,1.0,0.0,0.0,0.0,0.0,1.0,0.0,0.0,0.0,0.0,1.0,0.0,0.0,0.0,1.0,0.0,1.0,0.0,0.0,0.0
-1.0794099874170278,-0.7097373621666009,-0.9670531139275274,1.298292107556788,0.9350555661523764,-1.5845551763147483,-0.40034090240776654,-1.148444726315639,-0.8609439704403361,0.058950422633802416,0.9680539806887258,1.1365803740251796,0.8419866991694508,0.08475229944166292,0.09308237682040628,0.6573421981221795,0.9990345135422876,0.0,0.0,0.0,0.0,1.0,0.0,1.0,0.0,0.0,0.0,0.0,0.0,0.0,1.0,0.0,1.0,0.0,0.0,0.0,0.0,1.0
-0.9833433970845693,0.4924588057732311,1.8091460887601492,-0.5581369931920018,-1.5333080992364871,-1.0007406528493217,0.297279519583856,0.04571942760733653,0.7791052097381009,-1.360894058748431,0.9111383258523317,1.1365803740251796,1.3004186587898414,1.0416330995894658,1.154714373142758,0.6573421981221795,0.4277989450072693,0.0,1.0,0.0,0.0,0.0,0.0,0.0,0.0,1.0,0.0,0.0,0.0,0.0,1.0,1.0,0.0,0.0,1.0,0.0,0.0,0.0
-0.2168331289582162,-0.5551692834314784,-0.752623510439005,0.5480492726260787,0.8546395218354554,-0.32846938340428505,-0.3560232852385286,-0.7901954801387463,-0.5044299598298354,0.6402134648232841,0.7973070161795434,1.1365803740251796,1.1476080055830444,0.08475229944166292,0.5575463752114352,0.6573421981221795,0.9331227171728623,1.0,0.0,0.0,0.0,0.0,0.0,0.0,0.0,1.0,0.0,0.0,0.0,0.0,1.0,0.0,0.0,1.0,0.0,0.0,0.0,1.0
-0.4352582185562271,-0.5551692834314784,-1.113168861437405,-1.0782439891869107,1.5109162224896449,-0.06899626186409584,-1.0964331307038977,1.239883581530312,1.1909004976635393,1.2430702341283193,-1.5931504869490103,-0.0688836590318288,0.4981627294541578,1.0416330995894658,1.1215383732576847,1.9720265943665387,1.9877114590836653,0.0,0.0,0.0,0.0,1.0,0.0,0.0,0.0,1.0,0.0,0.0,0.0,1.0,0.0,0.0,0.0,1.0,0.0,1.0,0.0,0.0
-0.0054866302268075295,-0.8986539028428592,-1.7906145998922927,0.3756566078232608,-0.37681634325501273,1.4760482345797592,1.4396043069633468,-0.43194623396185367,-0.559026283782486,-0.5493508755174068,-1.7069817966217986,-0.0688836590318288,-0.4951065163900219,-0.87212850070614,-0.6699656205362842,-0.6573421981221795,-0.3411720126360246,1.0,0.0,0.0,0.0,0.0,0.0,1.0,0.0,0.0,0.0,1.0,0.0,0.0,0.0,1.0,0.0,0.0,1.0,0.0,0.0,0.0
-0.22188926529150355,1.2996476613899748,-1.0315717556851356,-0.8741902119971676,-1.6184945868603435,1.0042789226885063,0.2644233551308004,-1.626110387884829,1.0082068406422693,-1.5594788713057923,1.3664635645434846,1.1365803740251796,1.6060399652034352,0.08475229944166292,0.49119437544128824,0.6573421981221795,0.9550933159626708,0.0,1.0,0.0,0.0,0.0,1.0,0.0,0.0,0.0,0.0,0.0,1.0,0.0,0.0,0.0,1.0,0.0,0.0,1.0,0.0,0.0
0.6963050928334683,-0.7440858241077383,-0.5723508349398053,0.36868279452217595,-1.5741976132959383,1.5232251657688847,0.026025138634210895,-0.37223802626570485,0.6090803572493944,1.5461839106444384,-0.9101626289122806,-0.0688836590318288,-0.30409319988152583,-0.87212850070614,-0.4709096212258431,0.6573421981221795,0.911152118383054,0.0,0.0,0.0,0.0,1.0,1.0,0.0,0.0,0.0,0.0,1.0,0.0,0.0,0.0,1.0,0.0,0.0,0.0,0.0,1.0,0.0
0.8783260008318104,-0.606691976343186,-1.266875037389354,0.08066430518737114,-1.0910198554934247,1.3581059066069463,-1.5128659127251838,0.7622179199611218,-0.26940155474466826,1.1038910927997163,-0.9101626289122806,-1.2743476920888372,-0.7243224962002172,0.08475229944166292,-0.2055016221452552,-1.9720265943665387,-1.7253197363939534,0.0,0.0,0.0,0.0,1.0,0.0,0.0,1.0,0.0,0.0,1.0,0.0,0.0,0.0,0.0,1.0,0.0,1.0,0.0,0.0,0.0
-0.2855965830909233,0.6985495774200596,1.2854065262572112,-1.5807769756630858,-0.948588048186337,-0.4287203621811769,0.3217306187117113,0.8219261276572706,0.4901694412539164,1.4972951372987529,-1.422403522439828,-0.0688836590318288,-0.15128254667472893,0.08475229944166292,0.3253143760159207,-1.314684396244359,-1.1101429702793184,0.0,0.0,0.0,0.0,1.0,1.0,0.0,0.0,0.0,0.0,0.0,0.0,0.0,1.0,0.0,0.0,1.0,0.0,1.0,0.0,0.0
-0.26132712869114444,0.06310303150900551,-0.40536140921423097,1.5858921680935276,0.2181260863100002,0.7035259863578323,0.026789235481956494,-1.2081529340117876,1.7037492751527847,1.5813508134949785,0.9680539806887258,1.1365803740251796,0.6509733826609546,0.08475229944166292,-0.1059736224900347,0.6573421981221795,0.5156813401665028,0.0,1.0,0.0,0.0,0.0,0.0,1.0,0.0,0.0,0.0,1.0,0.0,0.0,0.0,0.0,1.0,0.0,0.0,0.0,1.0,0.0
-1.0834548964836574,-1.7058427584596045,-1.392117106683535,-1.1570480794891695,-1.6096351921474623,0.4794355632094863,0.05582491569628462,0.46367688148037794,-0.9315189007990343,0.6819988915547179,-1.6500661417854043,1.1365803740251796,1.415026648694939,1.0416330995894658,1.486474371993493,1.314684396244359,1.526328884497689,0.0,0.0,1.0,0.0,0.0,0.0,0.0,1.0,0.0,0.0,0.0,0.0,0.0,1.0,0.0,1.0,0.0,1.0,0.0,0.0,0.0
-0.42919085495628245,-0.3147300498435126,0.08801643952042135,1.1293863494045124,0.9643597178949825,1.1811924146477257,-0.7174410942221402,-0.2528216108734073,0.8722880227806519,-1.435547624853921,1.1957166000343027,-0.0688836590318288,0.15433875973886482,0.08475229944166292,-0.006445622834814209,0.6573421981221795,0.49371074137669446,0.0,1.0,0.0,0.0,0.0,0.0,1.0,0.0,0.0,0.0,0.0,0.0,1.0,0.0,1.0,0.0,0.0,0.0,0.0,0.0,1.0
1.4709051790930805,-0.6410404382843248,-1.623625174166718,0.5126223010565677,-0.20848784371027257,-0.8120329280928201,0.8023475359436175,1.239883581530312,0.2441135219402497,-1.3278792545768099,0.2281504678156021,1.1365803740251796,1.3386213220915406,1.9985138997372687,1.8514103707293015,1.314684396244359,1.1747993038607547,0.0,0.0,0.0,0.0,1.0,0.0,0.0,1.0,0.0,0.0,1.0,0.0,0.0,0.0,0.0,0.0,1.0,1.0,0.0,0.0,0.0
-0.9995230333510887,1.1450795826548539,0.11648054617818947,-0.36133598183538723,-1.2082364624638515,-1.4489214991460126,0.43328875848255105,1.1204671661380143,0.583855087720991,1.3049928898126375,0.11431915814281374,1.1365803740251796,1.1858106688847436,1.9985138997372687,1.6523543714188607,1.9720265943665387,2.0536232554530907,0.0,0.0,1.0,0.0,0.0,0.0,0.0,0.0,0.0,1.0,0.0,0.0,0.0,1.0,0.0,1.0,0.0,0.0,0.0,0.0,1.0
1.4749500881597104,-0.8986539028428592,0.8432640695065426,0.22516171678584962,1.6410811755788983,-0.4523088277757396,0.3393048462098574,0.8816343353534193,0.021945990214270652,0.9987136557915188,0.5696443968339666,-0.0688836590318288,-0.41870118978662346,0.08475229944166292,0.12625837670547976,0.0,0.31794595105822726,0.0,1.0,0.0,0.0,0.0,0.0,0.0,0.0,1.0,0.0,0.0,0.0,0.0,1.0,1.0,0.0,0.0,1.0,0.0,0.0,0.0
-1.681090211078215,1.0420341968314404,-0.8550942944069717,-1.500857075232653,0.5772723181321795,1.1163241342626786,1.5733212553188056,-0.43194623396185367,-0.7644846566661838,1.4576912437038811,0.6265600516703608,-0.0688836590318288,-0.15128254667472893,0.08475229944166292,-0.37138162157062266,0.0,0.1861223583193769,0.0,1.0,0.0,0.0,0.0,0.0,0.0,0.0,1.0,0.0,1.0,0.0,0.0,0.0,0.0,1.0,0.0,1.0,0.0,0.0,0.0
1.327310907227722,0.20049687927355783,-1.0334693627956533,0.16044472935178233,1.1231473308258508,-1.608143641909311,0.5387341234714271,-0.19311340317725856,0.3049707369248193,0.7267709007556015,1.7079574935618496,1.1365803740251796,1.071202678979646,1.0416330995894658,0.8229543742920231,1.314684396244359,1.3505640941792219,0.0,0.0,0.0,0.0,1.0,0.0,0.0,0.0,0.0,1.0,1.0,0.0,0.0,0.0,0.0,0.0,1.0,0.0,0.0,0.0,1.0
-0.11672162955912803,1.0248599658608717,-1.6369084239403433,1.647261725143074,0.04979758676526001,-0.3933376637893326,-0.2971878279621267,-1.0290283109233413,1.3611291641948866,0.8708930010056021,-0.7394156644030984,1.1365803740251796,0.6127707193592554,0.08475229944166292,-0.03962162271988771,0.0,0.12021056194995172,0.0,1.0,0.0,0.0,0.0,0.0,0.0,0.0,0.0,1.0,1.0,0.0,0.0,0.0,0.0,1.0,0.0,1.0,0.0,0.0,0.0
-1.0804212146836851,-1.7573654513713104,0.2284393656987451,-0.8686111613562998,1.601554645321428,0.16688839408153117,1.3570818474068351,1.5384246200110558,-0.07248015757789879,-0.2564406368268178,-1.0809095934214632,-0.0688836590318288,-0.41870118978662346,0.08475229944166292,0.49119437544128824,0.0,0.010357568000909752,0.0,0.0,0.0,1.0,0.0,0.0,1.0,0.0,0.0,0.0,0.0,0.0,1.0,0.0,0.0,1.0,0.0,0.0,0.0,0.0,1.0
-0.7891877618863373,-0.7269115931371696,0.8755233903853464,0.5387043628026248,0.8975735115978788,0.24944802366250038,1.3731278812094903,0.8816343353534193,-0.19873791346029135,0.7117945133760921,-0.056427806366368814,1.1365803740251796,1.1858106688847436,1.0416330995894658,1.5196503718785666,0.0,-0.12146602473794062,0.0,0.0,1.0,0.0,0.0,0.0,0.0,0.0,0.0,1.0,0.0,0.0,1.0,0.0,0.0,1.0,0.0,0.0,0.0,1.0,0.0
0.23012932290437996,-1.4138808319599296,-1.3655506071362844,0.8776316892353492,1.0870282600733356,-0.4935886425662239,-0.11151229395997538,-1.387277557100234,0.9015040403534794,-0.7394358963579782,1.7079574935618496,-1.2743476920888372,-1.220957119122307,-1.829009300853943,-1.8311256165138565,0.0,-0.2093484198971742,0.0,1.0,0.0,0.0,0.0,1.0,0.0,0.0,0.0,0.0,1.0,0.0,0.0,0.0,0.0,1.0,0.0,0.0,0.0,1.0,0.0
0.4151839127026949,0.9905115039197329,1.0026630667900456,-0.24459434717522663,-1.6246280139692615,-1.608143641909311,-0.10463542233026607,-1.7455268032771265,-0.6384940008139105,0.20145312022280054,-1.3085722127670396,1.1365803740251796,0.7273787092643531,0.08475229944166292,-0.3382056216855492,0.6573421981221795,0.8452403220136288,1.0,0.0,0.0,0.0,0.0,1.0,0.0,0.0,0.0,0.0,0.0,0.0,1.0,0.0,0.0,1.0,0.0,1.0,0.0,0.0,0.0
1.25248008949507,-1.7058427584596045,0.7199196073228792,1.1748556121275855,-0.609886573393884,-0.10437896025593962,-0.0992867443960477,-1.0887365186194902,0.48593770901263417,0.40459080055601665,0.2281504678156021,1.1365803740251796,1.2240133321864428,0.08475229944166292,0.4580183755562147,0.6573421981221795,0.6475049329053532,0.0,0.0,0.0,1.0,0.0,0.0,0.0,0.0,1.0,0.0,0.0,1.0,0.0,0.0,0.0,1.0,0.0,0.0,1.0,0.0,0.0
0.6133844569675567,-0.8471312099311532,0.5700086455919658,-1.6719944536412759,1.2989722412814901,-0.3343664998029261,0.8206858602895092,-0.7901954801387463,-0.5735265129395709,0.38775141500397753,-0.3979217353847333,1.1365803740251796,0.7655813725660523,0.08475229944166292,0.22578637636070026,0.6573421981221795,0.7793285256442036,0.0,0.0,0.0,1.0,0.0,0.0,0.0,0.0,0.0,1.0,0.0,0.0,0.0,1.0,0.0,0.0,1.0,1.0,0.0,0.0,0.0
-0.7548060348199838,-1.5169262177833447,1.5301978435140193,-0.5294048823915322,1.108154509004052,-0.7176790657145693,-1.2431397254710297,-1.0290283109233413,0.05394576216204948,0.9566531691283189,1.3664635645434846,-1.2743476920888372,-0.8007278228036157,-0.87212850070614,-1.267133618467607,-0.6573421981221795,-0.5608780005341085,1.0,0.0,0.0,0.0,0.0,0.0,0.0,0.0,0.0,1.0,0.0,1.0,0.0,0.0,0.0,0.0,1.0,1.0,0.0,0.0,0.0
-0.9317708064850388,0.3035422650969728,0.9609157103586515,1.3436218940138394,0.5275234093598471,-0.7235761821132104,1.8048426001856859,0.8219261276572706,-1.440128484380351,-1.4733297961823821,0.3419817774883905,-0.0688836590318288,-0.03667455676963128,0.08475229944166292,0.42484237567114125,1.314684396244359,1.1308581062811378,0.0,0.0,0.0,0.0,1.0,0.0,0.0,0.0,1.0,0.0,1.0,0.0,0.0,0.0,0.0,0.0,1.0,0.0,0.0,0.0,1.0
-1.0834548964836574,0.028754569567868187,0.2094632945935659,0.7127707427977031,-0.9594919186021904,-1.7791600174698903,-0.036630802880918405,-0.1334051954811098,-0.9006314698975354,-0.18824573504778164,-1.1947409030942513,1.1365803740251796,1.2240133321864428,1.0416330995894658,0.9888343737173907,1.9720265943665387,1.6801230760263477,1.0,0.0,0.0,0.0,0.0,0.0,0.0,0.0,0.0,1.0,1.0,0.0,0.0,0.0,1.0,0.0,0.0,1.0,0.0,0.0,0.0
-1.4545753033469444,1.5229126640073736,0.6402201086811281,-0.2561708772550273,0.5997615508648775,-0.5702511557485526,-0.1413120710220491,-1.3275693494040852,-1.1251965456600368,-0.655017195184156,0.7403913613431491,-1.2743476920888372,-0.7243224962002172,-0.87212850070614,-1.3666616181228275,-0.6573421981221795,-0.9124075811710428,0.0,0.0,0.0,0.0,1.0,0.0,0.0,0.0,1.0,0.0,0.0,0.0,1.0,0.0,0.0,0.0,1.0,0.0,1.0,0.0,0.0
-1.3595199402811435,-0.7956085170194457,0.2303369728092633,-0.46231679843509577,-1.4535735468205575,0.9099250603102554,-0.1138045845032119,0.9413425430495681,-0.16692136688237166,-1.585094461814786,0.45581308716117885,-1.2743476920888372,-1.4883757622342015,-0.87212850070614,-0.7694936201915046,-0.6573421981221795,-0.978319377540468,0.0,0.0,1.0,0.0,0.0,0.0,0.0,0.0,1.0,0.0,0.0,1.0,0.0,0.0,0.0,0.0,1.0,0.0,0.0,0.0,1.0
0.9420333186312305,0.835943425184612,-0.507832193182197,-0.8016625536658852,-1.1789323107212448,-1.7791600174698903,0.9910794573367507,1.5384246200110558,0.40967215240437654,-1.229569350194621,0.9111383258523317,1.1365803740251796,0.6891760459626539,1.0416330995894658,1.4532983721084196,1.9720265943665387,1.8998290639244317,0.0,0.0,1.0,0.0,0.0,0.0,0.0,0.0,1.0,0.0,0.0,1.0,0.0,0.0,0.0,1.0,0.0,0.0,0.0,0.0,1.0
-1.2826666680151768,0.9561630419785956,-0.5476819425030729,0.21232990031185367,-0.38908319747284803,0.8568510127224895,-0.8794296259441817,-0.9693201032271925,-0.28327707658868034,1.1727584196886958,-1.536234832112616,-1.2743476920888372,-1.5265784255359007,-1.829009300853943,-1.8643016163989299,-0.6573421981221795,-0.978319377540468,0.0,0.0,0.0,1.0,0.0,0.0,0.0,0.0,1.0,0.0,0.0,0.0,1.0,0.0,1.0,0.0,0.0,0.0,1.0,0.0,0.0
1.4516918610265892,0.9389888110080253,1.7655011252182382,-0.5439104140577885,-1.6743769227415934,0.5914807747836588,-0.12297374667615746,-1.4469857647963829,-0.31005368188436205,0.2513492625067792,-1.3654878676034339,1.1365803740251796,1.3768239853932398,0.08475229944166292,0.3916663757860677,0.6573421981221795,0.5596225377461196,0.0,0.0,0.0,1.0,0.0,0.0,0.0,0.0,0.0,1.0,1.0,0.0,0.0,0.0,1.0,0.0,0.0,1.0,0.0,0.0,0.0
0.8783260008318104,-1.7401912204007417,-0.8133469379755776,0.20298499048839974,-1.2198218247806956,-0.15745300784370608,-1.0673974504895696,-0.19311340317725856,-1.5257158734934706,-0.7598872620226025,0.45581308716117885,-0.0688836590318288,-0.11307988337302972,0.08475229944166292,-0.2055016221452552,-0.6573421981221795,-0.40708380900544977,1.0,0.0,0.0,0.0,0.0,0.0,0.0,0.0,1.0,0.0,0.0,0.0,1.0,0.0,1.0,0.0,0.0,0.0,0.0,0.0,1.0
-1.3301943495480772,-1.4482292939010686,-0.09225623597877898,-0.7301112291967546,-1.306371296206534,-0.5230742245594272,-0.5692063057595171,-1.3275693494040852,-0.6430971582393423,0.637541357392673,0.3419817774883905,-0.0688836590318288,0.4981627294541578,0.08475229944166292,-0.30502962180047566,0.6573421981221795,0.8672109208034372,0.0,0.0,0.0,1.0,0.0,0.0,0.0,0.0,1.0,0.0,0.0,0.0,1.0,0.0,1.0,0.0,0.0,1.0,0.0,0.0,0.0
0.1876577777047669,-1.2764869841953788,-1.4813046408778756,-1.5495342920742254,1.420277799657862,1.6588588429376203,-0.5057862673966426,1.1204671661380143,-0.6225275541609153,-0.2665320883824668,1.5372105290526672,1.1365803740251796,1.3386213220915406,1.9985138997372687,1.7850583709591545,0.0,-0.2093484198971742,0.0,0.0,1.0,0.0,0.0,0.0,0.0,0.0,1.0,0.0,0.0,0.0,1.0,0.0,0.0,1.0,0.0,1.0,0.0,0.0,0.0
-1.643674802211889,0.9905115039197329,-0.6482551193605215,-0.8475502451870235,-0.04288531176949572,0.6740404043646284,-1.1667300406964818,1.1801753738341632,0.8236191639040602,0.30014245844690113,-1.422403522439828,1.1365803740251796,1.1094053422813452,1.9985138997372687,1.619178371533787,0.6573421981221795,0.801299124434012,1.0,0.0,0.0,0.0,0.0,0.0,1.0,0.0,0.0,0.0,1.0,0.0,0.0,0.0,0.0,0.0,1.0,0.0,0.0,1.0,0.0
0.8560790009653464,1.5744353569190794,-1.3788338569099097,-1.6160644709665752,-0.4470100090570705,0.42636151562172037,-1.4647278113172186,-0.07369698778496102,-1.6759907998026984,-0.5998037350433548,-0.9101626289122806,1.1365803740251796,0.6891760459626539,0.08475229944166292,0.5575463752114352,1.314684396244359,1.1308581062811378,0.0,0.0,0.0,1.0,0.0,0.0,1.0,0.0,0.0,0.0,0.0,1.0,0.0,0.0,0.0,0.0,1.0,1.0,0.0,0.0,0.0
0.7134959563666452,0.38941341994981765,0.00641933376815202,1.454923954299154,-0.4967589178294024,-0.7294732985118509,1.3845893339256723,-1.387277557100234,-0.8004939690040132,0.9881803490441282,0.9111383258523317,-1.2743476920888372,-1.373767772329104,-1.829009300853943,-1.9638296160541504,0.0,-0.05555422836851543,1.0,0.0,0.0,0.0,0.0,0.0,0.0,1.0,0.0,0.0,0.0,0.0,1.0,0.0,0.0,1.0,0.0,1.0,0.0,0.0,0.0
1.2211320442286886,-0.933002364783998,-0.6520503335815572,1.5490704338637997,0.5254789336568745,-0.4346174785798174,-0.21390127155786956,-1.4469857647963829,0.989059927670985,-0.5814917807914249,-1.1947409030942513,1.1365803740251796,1.6060399652034352,1.0416330995894658,0.5907223750965087,1.314684396244359,1.1967699026505632,0.0,0.0,0.0,0.0,1.0,0.0,0.0,1.0,0.0,0.0,0.0,1.0,0.0,0.0,0.0,1.0,0.0,1.0,0.0,0.0,0.0
-1.3726658947476904,-0.33190428081408124,-0.1909318057257093,-0.19661451166376281,0.766045574706645,0.5914807747836588,-0.2444651454676886,1.5384246200110558,-1.036928345535876,-0.22888474040309248,-0.2840904257119449,-0.0688836590318288,0.42175740285075936,1.0416330995894658,1.2210663729129052,0.0,-0.011613030788898642,0.0,0.0,0.0,1.0,0.0,0.0,0.0,0.0,0.0,1.0,1.0,0.0,0.0,0.0,0.0,0.0,1.0,0.0,1.0,0.0,0.0
-0.08638481155940422,-0.4177754356669276,0.6971483219966643,0.7699560118665989,0.7558231961917818,-0.7176790657145693,0.6877330087817957,-0.2528216108734073,-1.2618818425009977,-1.6997200213992314,-1.3085722127670396,1.1365803740251796,1.3768239853932398,1.0416330995894658,1.0551863734875377,0.0,-0.2972308150564078,0.0,0.0,0.0,1.0,0.0,1.0,0.0,0.0,0.0,0.0,0.0,1.0,0.0,0.0,0.0,1.0,0.0,0.0,0.0,0.0,1.0
0.587092548034463,0.7844207322729044,-0.708978546897094,-0.8299762356682897,-1.516270801711716,0.9276164095061771,0.9108492883234757,-0.19311340317725856,1.532212191557185,-1.6237183909664095,1.1388009451979084,-1.2743476920888372,-1.5265784255359007,-0.87212850070614,-1.4330136178929744,-1.9720265943665387,-1.7253197363939534,0.0,0.0,0.0,0.0,1.0,1.0,0.0,0.0,0.0,0.0,0.0,0.0,1.0,0.0,0.0,1.0,0.0,0.0,0.0,1.0,0.0
-0.4514378548227464,-1.568448910695052,-0.8835584010647398,0.4661767044713424,-1.364979599691747,0.26713937285842254,-1.476189264033401,1.3592999969226094,1.6942153378645628,-0.12766539213010664,-1.0809095934214632,1.1365803740251796,0.9565946890745484,1.0416330995894658,1.5860023716487135,1.9720265943665387,1.8119466687651982,1.0,0.0,0.0,0.0,0.0,0.0,0.0,0.0,0.0,1.0,0.0,1.0,0.0,0.0,0.0,0.0,1.0,1.0,0.0,0.0,0.0
-0.6344699900877462,0.3207164960675415,0.5149780393869472,0.7554504802003426,1.5109162224896449,-1.0538147004370877,0.6418871979170668,-1.0887365186194902,-1.6847571526794807,-0.22248985073486474,0.3419817774883905,-1.2743476920888372,-1.4501730989325023,-1.829009300853943,-1.8643016163989299,-1.9720265943665387,-1.7253197363939534,0.0,1.0,0.0,0.0,0.0,1.0,0.0,0.0,0.0,0.0,0.0,0.0,1.0,0.0,1.0,0.0,0.0,0.0,1.0,0.0,0.0
0.04406350583940774,0.9389888110080253,-0.9613602925959734,0.9798677922292534,-0.26573316339350384,1.0809414358708345,-1.213339948408956,0.2845522583919316,1.638505705612549,-1.0252448183969116,-1.536234832112616,1.1365803740251796,1.2622159954881422,1.0416330995894658,1.2542423727979786,1.9720265943665387,1.746034872395773,0.0,0.0,1.0,0.0,0.0,0.0,0.0,0.0,0.0,1.0,0.0,0.0,0.0,1.0,1.0,0.0,0.0,1.0,0.0,0.0,0.0
1.1675369990958433,-0.5036465905197725,0.9874822099059021,-0.7981756470153428,-1.1121461044241412,-1.7850571338685308,-1.5174504938116566,1.717549243099502,0.5156435711828606,-1.3944327624333839,0.0004878484700253693,1.1365803740251796,0.9565946890745484,1.9985138997372687,1.7850583709591545,0.6573421981221795,0.4497695437970777,0.0,0.0,0.0,1.0,0.0,0.0,0.0,0.0,1.0,0.0,0.0,0.0,0.0,1.0,0.0,1.0,0.0,0.0,1.0,0.0,0.0
-1.2209818047490717,-0.12581350916725278,-0.610302977150163,1.3507351835809458,1.6785632301333948,0.35559611883803227,-1.288221439488013,-1.626110387884829,1.2633246777393015,-1.0185422202318295,-1.2516565579306453,-1.2743476920888372,-1.4501730989325023,-1.829009300853943,-2.1628856153645915,-1.314684396244359,-1.3298489581774025,0.0,1.0,0.0,0.0,0.0,1.0,0.0,0.0,0.0,0.0,0.0,0.0,1.0,0.0,0.0,1.0,0.0,1.0,0.0,0.0,0.0
0.3474316858366451,0.28636803412640266,0.13925183150440437,1.1305021595326865,1.1872075695189905,-1.5727609435174665,0.7893578895319443,1.5384246200110558,-0.8813655847969535,0.6291410338430912,-0.3410060805483391,-0.0688836590318288,-0.41870118978662346,0.08475229944166292,0.49119437544128824,-1.314684396244359,-1.417731353336636,1.0,0.0,0.0,0.0,0.0,0.0,0.0,0.0,0.0,1.0,1.0,0.0,0.0,0.0,0.0,0.0,1.0,0.0,1.0,0.0,0.0
-0.37458458255677946,0.7157238083906282,-1.5970586746194677,0.7042626905703794,1.6022361372224192,0.7153202191551133,0.4638526323923704,-1.0887365186194902,1.0642906616586723,-0.04748829780074595,-0.7394156644030984,1.1365803740251796,1.1094053422813452,0.08475229944166292,0.35849037590099425,0.0,0.29597535226841887,0.0,0.0,0.0,1.0,0.0,0.0,0.0,1.0,0.0,0.0,0.0,0.0,1.0,0.0,0.0,1.0,0.0,0.0,0.0,1.0,0.0
-0.09042972062603397,0.9389888110080253,-0.09794905731033221,1.161744843121546,-0.19485800569045533,-1.372258985963684,0.6174360987892115,-0.19311340317725856,-1.6934140677787903,-1.4391416736302407,0.3419817774883905,-1.2743476920888372,-1.2591597824240062,-0.87212850070614,-1.20078161869746,-0.6573421981221795,-0.5169368029544917,0.0,0.0,0.0,1.0,0.0,0.0,0.0,0.0,0.0,1.0,0.0,0.0,0.0,1.0,0.0,1.0,0.0,0.0,1.0,0.0,0.0
-0.3654835371568624,0.06310303150900551,0.7161243931018435,-0.16927716352351005,-1.0767085255726172,-0.4287203621811769,-1.0987254212471342,-1.2678611417079364,-1.639738154224807,0.6938202095693049,-0.056427806366368814,1.1365803740251796,0.7273787092643531,0.08475229944166292,-0.0727976226049612,0.6573421981221795,0.8891815195932455,0.0,0.0,0.0,0.0,1.0,1.0,0.0,0.0,0.0,0.0,0.0,1.0,0.0,0.0,1.0,0.0,0.0,0.0,0.0,1.0,0.0
-0.6122229902212822,-0.3147300498435126,1.8433030167494713,0.8052435071700883,-0.6575910064632433,1.3404145574110247,-0.014471994296299577,-0.6707790647464488,0.09431448414821308,0.4784328891137335,-1.1947409030942513,1.1365803740251796,0.9565946890745484,0.08475229944166292,0.4580183755562147,-0.6573421981221795,-0.7586133896423841,0.0,0.0,1.0,0.0,0.0,0.0,0.0,1.0,0.0,0.0,0.0,0.0,1.0,0.0,0.0,0.0,1.0,1.0,0.0,0.0,0.0
-0.6061556266213376,1.21377650653713,-1.2782606800524619,0.8719131623284596,0.8485060947265376,-1.319184938375918,0.1948905419859618,0.702509712264973,0.8016232760641796,0.37829906333898655,-1.1947409030942513,-1.2743476920888372,-0.9917411393121117,-0.87212850070614,-0.4709096212258431,0.0,0.05429876558052654,0.0,0.0,1.0,0.0,0.0,0.0,0.0,0.0,0.0,1.0,0.0,0.0,1.0,0.0,0.0,0.0,1.0,0.0,0.0,1.0,0.0
0.1866465504381093,-0.46929812857863357,0.9305539965903652,1.2429200299461745,0.0552495219731867,0.11971146289240578,0.1307064067753416,-0.49165444165800243,-1.6130904699472843,1.2655256803659012,0.11431915814281374,-0.0688836590318288,0.07793343313546637,0.08475229944166292,-0.2055016221452552,-0.6573421981221795,-0.8464957848016177,0.0,0.0,1.0,0.0,0.0,0.0,0.0,0.0,0.0,1.0,0.0,0.0,1.0,0.0,0.0,0.0,1.0,0.0,1.0,0.0,0.0
1.3283221344943794,-1.5169262177833447,-1.4167859991202674,0.7985486464010471,0.2910457197160218,-0.4346174785798174,1.0911761443914088,0.702509712264973,0.9969310187292768,0.5894018094084826,1.1957166000343027,-1.2743476920888372,-1.4119704356308032,-0.87212850070614,-0.8358456199616516,-0.6573421981221795,-0.5608780005341085,0.0,1.0,0.0,0.0,0.0,1.0,0.0,0.0,0.0,0.0,0.0,0.0,0.0,1.0,1.0,0.0,0.0,0.0,1.0,0.0,0.0
1.6721394051579148,0.835943425184612,1.0538984587740285,-0.60974321162003,0.6985778765085501,0.4558470976149236,-1.430343453168672,1.0607589584418657,-1.5747948476775606,1.004361011733749,0.45581308716117885,-0.0688836590318288,-0.03667455676963128,0.08475229944166292,0.5575463752114352,1.314684396244359,1.3285934953894134,0.0,0.0,0.0,1.0,0.0,1.0,0.0,0.0,0.0,0.0,0.0,1.0,0.0,0.0,0.0,1.0,0.0,0.0,0.0,0.0,1.0
1.553825814958992,0.6985495774200596,0.1885896163778692,0.879026451895566,-1.2300442032955587,1.2932376262218992,0.8627111869155103,0.9413425430495681,-1.6798028823846578,1.4076839609677678,0.6265600516703608,-0.0688836590318288,-0.0748772200713305,0.08475229944166292,0.4580183755562147,-0.6573421981221795,-0.7366427908525757,0.0,0.0,0.0,1.0,0.0,0.0,1.0,0.0,0.0,0.0,0.0,0.0,1.0,0.0,0.0,0.0,1.0,0.0,0.0,0.0,1.0
1.5558482694923075,0.5439814986849386,-0.7336474393338265,0.06839039377746185,0.5247974417558833,-1.154065679213979,1.6772384266121911,1.1204671661380143,1.514775243858909,-0.734131096603831,0.2281504678156021,1.1365803740251796,0.7273787092643531,1.0416330995894658,1.2542423727979786,1.314684396244359,1.306622896599605,1.0,0.0,0.0,0.0,0.0,0.0,0.0,0.0,0.0,1.0,0.0,1.0,0.0,0.0,0.0,0.0,1.0,0.0,0.0,1.0,0.0
1.7388804047573068,-1.0016992886662741,-0.0865634146472251,-0.959270734270403,0.2685564869833238,0.49712691240540846,-0.01676428483953583,-0.2528216108734073,-0.3692248365649929,-0.31455795846127893,0.3419817774883905,-0.0688836590318288,0.30714941294566167,0.08475229944166292,0.12625837670547976,0.6573421981221795,0.8452403220136288,0.0,0.0,1.0,0.0,0.0,0.0,1.0,0.0,0.0,0.0,1.0,0.0,0.0,0.0,0.0,0.0,1.0,0.0,0.0,0.0,1.0
0.4172063672360098,-0.4349496666374963,-1.6444988523824147,-1.689428986893988,0.7135706983303497,1.0514558538776317,0.45544756706717016,-0.5513626493541511,-1.1326410781084073,1.6048555812311722,0.7973070161795434,1.1365803740251796,0.7273787092643531,0.08475229944166292,0.3253143760159207,0.0,-0.03358362957870704,0.0,0.0,0.0,1.0,0.0,0.0,0.0,1.0,0.0,0.0,0.0,0.0,0.0,1.0,0.0,0.0,1.0,0.0,1.0,0.0,0.0
1.2929291801613683,0.9218145800374568,-0.28960737547263965,1.5506046727900378,1.0924801952812622,-0.03951067987089259,-0.4675814250093686,0.4039686737842291,-0.5065602656572266,0.5625922625659079,-1.536234832112616,1.1365803740251796,0.7273787092643531,1.0416330995894658,0.8561303741770967,1.314684396244359,1.2846522978097967,0.0,0.0,0.0,0.0,1.0,0.0,1.0,0.0,0.0,0.0,0.0,1.0,0.0,0.0,1.0,0.0,0.0,0.0,0.0,0.0,1.0
0.05316455123932485,1.6087838188602184,1.425829452435535,-0.022408655402662896,0.7374229148650292,0.9865875734925846,0.3041563912135653,-0.2528216108734073,-1.486606238664289,1.0067010511163519,-0.056427806366368814,1.1365803740251796,0.6127707193592554,0.08475229944166292,0.3916663757860677,-0.6573421981221795,-0.5389074017443001,0.0,0.0,0.0,1.0,0.0,1.0,0.0,0.0,0.0,0.0,0.0,1.0,0.0,0.0,1.0,0.0,0.0,0.0,0.0,0.0,1.0
0.5779915026345456,-0.8127827479900144,-1.709017494140023,1.1279915867442958,-0.5894418163641582,-0.9358723724642742,1.7696941451893937,1.001050750745717,0.10741150543884152,-1.125681954416218,0.45581308716117885,1.1365803740251796,1.415026648694939,1.9985138997372687,1.7850583709591545,1.314684396244359,1.6142112796569226,0.0,1.0,0.0,0.0,0.0,1.0,0.0,0.0,0.0,0.0,1.0,0.0,0.0,0.0,0.0,1.0,0.0,0.0,0.0,0.0,1.0
0.08046768743907652,-0.05711658528497816,0.06144993997317074,0.13771009799024533,-0.10013063145272698,-1.731983086280765,-1.2523088876439754,-0.6110708570503,1.3186445069985764,0.38229284558318016,0.3419817774883905,-0.0688836590318288,0.15433875973886482,0.08475229944166292,-0.2055016221452552,0.6573421981221795,0.7793285256442036,0.0,1.0,0.0,0.0,0.0,0.0,1.0,0.0,0.0,0.0,0.0,1.0,0.0,0.0,0.0,1.0,0.0,0.0,1.0,0.0,0.0
-0.028744857359929103,1.282473430419406,0.7540765353122012,-0.38448904199498896,1.3323653444300425,0.6976288699591917,-1.3501132841553969,-1.5066939724925315,-0.15614824021489082,-1.3291175317604058,1.5941261838890612,1.1365803740251796,1.3386213220915406,0.08475229944166292,0.3253143760159207,1.314684396244359,1.306622896599605,0.0,0.0,1.0,0.0,0.0,0.0,0.0,0.0,1.0,0.0,0.0,0.0,0.0,1.0,0.0,1.0,0.0,0.0,0.0,1.0,0.0
-0.3735733552901222,0.09745149345014435,-1.58567303195636,-1.7922229949519788,-1.1339538452558484,-0.02181933067497043,1.068253238959044,-1.387277557100234,-0.9002777316269173,1.3025846775195158,0.6834757065067549,1.1365803740251796,1.6060399652034352,1.0416330995894658,0.6238983749815822,0.0,-0.2972308150564078,0.0,0.0,1.0,0.0,0.0,1.0,0.0,0.0,0.0,0.0,0.0,0.0,0.0,1.0,0.0,1.0,0.0,0.0,0.0,1.0,0.0
0.9936059092307606,1.282473430419406,1.2588400267099606,0.972615026396125,0.32648329856754577,0.5443038435945339,-1.5411374960917665,-0.7901954801387463,-0.35271424096289794,-1.6271722031600522,0.6834757065067549,-0.0688836590318288,-0.18948520997642815,-0.87212850070614,-0.6036136207661371,0.0,-0.3192014138462162,0.0,0.0,0.0,1.0,0.0,0.0,0.0,0.0,1.0,0.0,0.0,0.0,1.0,0.0,0.0,1.0,0.0,1.0,0.0,0.0,0.0
0.7327092744331367,-1.2077900603131027,1.294894561809801,-1.4640353410029252,0.5227529660529107,0.35559611883803227,1.4013994645760728,1.717549243099502,-0.7488701519566513,1.5134321557925579,1.5941261838890612,-0.0688836590318288,0.19254142304056404,1.0416330995894658,1.1215383732576847,0.0,0.1641517595295685,0.0,1.0,0.0,0.0,0.0,0.0,0.0,1.0,0.0,0.0,0.0,1.0,0.0,0.0,0.0,1.0,0.0,0.0,0.0,1.0,0.0
1.108885817629711,0.23484534121469666,1.2265807058311569,0.08638283209426108,-1.0753455417706352,1.3286203246137425,-0.7693996798688327,0.702509712264973,-0.9319692261990128,-1.478677901805244,0.45581308716117885,1.1365803740251796,1.4532293119966382,1.9985138997372687,1.6523543714188607,1.314684396244359,1.6142112796569226,0.0,0.0,1.0,0.0,0.0,1.0,0.0,0.0,0.0,0.0,0.0,0.0,0.0,1.0,1.0,0.0,0.0,0.0,1.0,0.0,0.0
-1.3706434402143755,0.011580338597298004,-0.4546991940876965,1.1186466769208419,0.36192087741906975,0.5148182616013306,-0.6998668667239941,0.702509712264973,0.976830670575467,0.787711562034078,0.7973070161795434,-1.2743476920888372,-1.4119704356308032,-0.87212850070614,-0.8358456199616516,0.6573421981221795,0.4497695437970777,0.0,1.0,0.0,0.0,0.0,0.0,0.0,0.0,0.0,1.0,0.0,1.0,0.0,0.0,1.0,0.0,0.0,1.0,0.0,0.0,0.0
-1.2300828501489889,0.9561630419785956,1.4656792017564115,1.290760389191616,0.6515549353401815,1.4996367001743225,0.12230134145014136,-0.07369698778496102,-1.05218980286985,0.29876918875066927,0.28506612265199627,1.1365803740251796,1.567837301901736,1.0416330995894658,1.3205943725681255,0.0,0.1861223583193769,0.0,0.0,0.0,1.0,0.0,0.0,0.0,0.0,0.0,1.0,0.0,0.0,1.0,0.0,1.0,0.0,0.0,1.0,0.0,0.0,0.0
1.3080975891612299,-0.07429081625554682,-0.31237866079885457,-0.1002364118427701,1.5899692830045844,0.3909788172298766,-0.5271809791335158,-1.626110387884829,-0.48881407333018334,0.7639144796840521,-1.5931504869490103,-1.2743476920888372,-1.029943802613811,-1.829009300853943,-1.797949616628783,-0.6573421981221795,-0.9124075811710428,0.0,0.0,0.0,0.0,1.0,0.0,0.0,0.0,1.0,0.0,0.0,1.0,0.0,0.0,1.0,0.0,0.0,0.0,1.0,0.0,0.0
-1.6022144842789334,-1.5856231416656208,-0.1643653061784587,0.3282346773758837,-1.3070527881075247,-1.0007406528493217,1.0697814326545352,1.5981328277072047,1.254077047363862,1.2092833675159975,0.3419817774883905,-1.2743476920888372,-0.8007278228036157,0.08475229944166292,0.19261037647562676,-0.6573421981221795,-0.9563487787506596,0.0,0.0,0.0,1.0,0.0,0.0,0.0,0.0,1.0,0.0,0.0,1.0,0.0,0.0,1.0,0.0,0.0,0.0,0.0,0.0,1.0
-0.21177699262492883,-1.3623581390482236,-0.9822339708116702,-1.5528817224587463,0.5881761885480329,-0.3638520817961293,0.3798019791403676,-0.07369698778496102,0.8336978028574287,-0.3361046581100247,-1.137825248257857,1.1365803740251796,1.071202678979646,1.0416330995894658,0.8893063740621702,0.6573421981221795,0.6475049329053532,0.0,0.0,1.0,0.0,0.0,0.0,0.0,0.0,0.0,1.0,0.0,0.0,0.0,1.0,1.0,0.0,0.0,1.0,0.0,0.0,0.0
1.235289225961893,1.3511703543016824,0.019702583541776647,-0.1705324499177054,-1.5966868460286363,-1.3132878219772774,-0.04503586820611863,-0.013988780088812245,1.5110271381594875,-1.5571273288018093,0.05740350330641955,1.1365803740251796,0.9565946890745484,1.0416330995894658,0.8229543742920231,0.6573421981221795,0.36188714863784405,0.0,0.0,0.0,1.0,0.0,0.0,1.0,0.0,0.0,0.0,0.0,0.0,1.0,0.0,0.0,1.0,0.0,0.0,1.0,0.0,0.0
0.02080527870628653,-0.5895177453726173,1.7730915536603098,-0.31935362576285614,0.5977170751619049,0.5443038435945339,-0.6135239229287551,-1.5066939724925315,-0.3812997477041512,0.9054473626427829,-1.1947409030942513,-1.2743476920888372,-0.877133149407014,-1.829009300853943,-1.598893617318342,-1.314684396244359,-1.417731353336636,1.0,0.0,0.0,0.0,0.0,1.0,0.0,0.0,0.0,0.0,1.0,0.0,0.0,0.0,0.0,1.0,0.0,0.0,0.0,1.0,0.0
-1.4434518034137125,0.8874661180963194,-0.8418110446333464,0.32209772167092904,-0.7802595486415967,-0.8827983248765082,-1.0284285112545501,-1.2081529340117876,1.0966653132658992,-0.8627776078392426,0.6834757065067549,1.1365803740251796,1.4532293119966382,1.0416330995894658,0.5907223750965087,0.6573421981221795,0.5376519389563112,0.0,0.0,0.0,1.0,0.0,0.0,0.0,0.0,1.0,0.0,1.0,0.0,0.0,0.0,0.0,1.0,0.0,0.0,0.0,1.0,0.0
-1.5627766208792926,0.1661484173324205,-1.1871755387476028,0.3700775571823928,-1.584419991810801,0.23175667446657822,-0.74112809650225,-0.2528216108734073,0.5086515749986599,1.2255680657886654,0.7973070161795434,-1.2743476920888372,-1.1063491292172094,-0.87212850070614,-1.1012536190422395,-0.6573421981221795,-0.3851132102156414,0.0,0.0,1.0,0.0,0.0,0.0,0.0,1.0,0.0,0.0,1.0,0.0,0.0,0.0,0.0,0.0,1.0,0.0,1.0,0.0,0.0
-1.1410948506831327,-0.24603312596123644,1.1962189920628705,-1.6779919330802087,-0.9703957890180442,-1.7791600174698903,-0.8374042993181804,-0.849903687834895,1.596692183877329,-0.625060529663495,0.7973070161795434,1.1365803740251796,0.8037840358677515,0.08475229944166292,0.22578637636070026,1.314684396244359,1.2846522978097967,0.0,0.0,0.0,0.0,1.0,0.0,1.0,0.0,0.0,0.0,0.0,0.0,1.0,0.0,0.0,1.0,0.0,1.0,0.0,0.0,0.0
-0.9246922156184366,0.835943425184612,0.9836869956848664,-0.810449558425252,-0.13420522650226954,0.013563367716873357,0.09785024232228602,1.478716412314907,0.9217493382908357,-1.2717538337397318,-1.137825248257857,1.1365803740251796,0.8419866991694508,1.0416330995894658,1.5528263717636401,0.0,0.07626936437033494,1.0,0.0,0.0,0.0,0.0,1.0,0.0,0.0,0.0,0.0,0.0,0.0,0.0,1.0,1.0,0.0,0.0,1.0,0.0,0.0,0.0
0.41922882176932463,0.5783299606260759,0.019702583541776647,-1.2057252963307419,-0.36114202953222335,-0.6646050181268034,1.0598481736338439,-0.7304872724425975,-0.4330632637326047,1.4067698011453438,-1.023993938585069,-0.0688836590318288,-0.0748772200713305,-0.87212850070614,-0.4709096212258431,0.0,-0.27526021626659936,1.0,0.0,0.0,0.0,0.0,0.0,1.0,0.0,0.0,0.0,0.0,0.0,0.0,1.0,0.0,1.0,0.0,1.0,0.0,0.0,0.0
-1.0834548964836574,-1.7401912204007417,1.4011605599988026,1.3501772785168595,-1.6464357548009687,0.6032750075809409,1.0781864979797355,1.777257450795651,-0.8644083946282032,0.9920504727335117,0.5696443968339666,-1.2743476920888372,-1.3355651090274048,0.08475229944166292,-0.1723256222601817,0.6573421981221795,0.4497695437970777,0.0,1.0,0.0,0.0,0.0,0.0,0.0,1.0,0.0,0.0,0.0,0.0,0.0,1.0,0.0,1.0,0.0,0.0,0.0,1.0,0.0
0.26552227723739114,-1.465403524871637,0.2606986865775496,0.09042764380889019,-0.7945708785624047,1.546813631363448,-0.7869739073669788,0.5830932968726754,-1.5187679564140855,-1.6485757904457767,1.3664635645434846,-1.2743476920888372,-1.373767772329104,-0.87212850070614,-0.8690216198467251,0.6573421981221795,0.36188714863784405,0.0,0.0,1.0,0.0,0.0,0.0,0.0,0.0,1.0,0.0,0.0,1.0,0.0,0.0,0.0,1.0,0.0,0.0,0.0,0.0,1.0
-0.12885635675901727,0.37223918897924746,-0.7659067602126303,0.8991110342026905,-1.4453956440086675,1.6529617265389798,-1.0521155135346598,0.16513584299963407,0.932521774063257,1.0262758112665806,1.02496963552512,-0.0688836590318288,-0.03667455676963128,0.08475229944166292,0.05990637693533278,0.0,-0.14343662352774902,1.0,0.0,0.0,0.0,0.0,0.0,0.0,0.0,1.0,0.0,0.0,0.0,0.0,1.0,1.0,0.0,0.0,0.0,0.0,0.0,1.0
1.2292218623619482,-0.03994235431440797,0.05955233286265255,1.2621677546571686,-0.09467869624480028,0.20227109247337496,0.9719770361431138,-1.0887365186194902,-1.3729155875616577,-0.0098927138675726,1.5941261838890612,-0.0688836590318288,0.19254142304056404,-0.87212850070614,-0.43773362134076965,0.0,-0.03358362957870704,1.0,0.0,0.0,0.0,0.0,0.0,0.0,0.0,0.0,1.0,0.0,0.0,0.0,1.0,0.0,0.0,1.0,1.0,0.0,0.0,0.0
-1.3868230764808949,0.9389888110080253,0.8527521050591316,-1.4859331147683317,-0.6603169740672066,0.4912297960067679,-0.832055621383962,1.5384246200110558,1.4594574872848136,-0.4201635484136956,0.6834757065067549,-1.2743476920888372,-1.5647810888376,-0.87212850070614,-0.5040856211109166,-0.6573421981221795,-0.7805839884321925,0.0,1.0,0.0,0.0,0.0,0.0,0.0,1.0,0.0,0.0,0.0,0.0,0.0,1.0,1.0,0.0,0.0,0.0,1.0,0.0,0.0
-0.7477274439533815,0.13179995539128167,0.217053723035638,-0.3358118251534165,-0.5342409723838996,-1.5196868959297007,1.1362578584083918,0.2845522583919316,-0.304261632240024,0.36775628343281663,-0.1702591160391572,-0.0688836590318288,0.2689467496439625,0.08475229944166292,0.3916663757860677,0.0,-0.011613030788898642,0.0,1.0,0.0,0.0,0.0,0.0,1.0,0.0,0.0,0.0,0.0,1.0,0.0,0.0,0.0,1.0,0.0,1.0,0.0,0.0,0.0
-1.3109810314815855,0.23484534121469666,-0.5628627993872157,-1.4846778283741364,-0.20099143279937323,-0.6999877165186477,0.427940080548333,0.5233850891765267,-0.5629766835554176,0.43550696173041453,-1.4793191772762218,1.1365803740251796,1.567837301901736,1.9985138997372687,1.6523543714188607,1.9720265943665387,1.7020936748161561,0.0,1.0,0.0,0.0,0.0,1.0,0.0,0.0,0.0,0.0,0.0,0.0,0.0,1.0,0.0,0.0,1.0,1.0,0.0,0.0,0.0
-1.2573859863487402,0.6126784225672148,1.478962451530037,-1.4135449327030707,-0.9935665136517329,-0.11617319305322124,-0.35907967262951046,1.478716412314907,-0.4172747916470146,-0.7669024744274765,0.05740350330641955,-1.2743476920888372,-0.9917411393121117,0.08475229944166292,-0.03962162271988771,-1.314684396244359,-1.2419665630181687,0.0,0.0,0.0,0.0,1.0,1.0,0.0,0.0,0.0,0.0,0.0,0.0,1.0,0.0,0.0,1.0,0.0,0.0,0.0,0.0,1.0
-0.5111002635555364,1.316821892360545,-1.409195570678196,-1.286203101825261,-0.9642623619091264,-1.1245800972207758,-0.045799965053864224,1.3592999969226094,-0.03751644582357235,-0.6925285356695917,-0.45483739022112746,-1.2743476920888372,-1.6029837521392993,-0.87212850070614,-0.6367896206512106,-1.9720265943665387,-2.1647317121901213,0.0,0.0,0.0,0.0,1.0,1.0,0.0,0.0,0.0,0.0,1.0,0.0,0.0,0.0,1.0,0.0,0.0,0.0,0.0,1.0,0.0
1.1493349082960092,-0.36625274275522013,1.1089290649790473,1.2564492277502788,-1.6648360361277215,-1.0597118168357282,-1.5136300095729294,0.9413425430495681,0.8641805074328961,-0.3856932610607031,-0.9101626289122806,1.1365803740251796,1.3768239853932398,1.9985138997372687,1.7187063711890076,0.6573421981221795,0.8232697232238204,0.0,0.0,1.0,0.0,0.0,0.0,0.0,0.0,0.0,1.0,1.0,0.0,0.0,0.0,0.0,1.0,0.0,1.0,0.0,0.0,0.0
-0.09953076602595107,1.3511703543016824,0.8755233903853464,-0.8698664477504952,1.0883912438753178,-0.004127981479048276,-1.5235632685936207,0.5233850891765267,0.3333629312283398,-0.563333427042596,-1.137825248257857,-0.0688836590318288,0.03973076983376715,0.08475229944166292,0.3253143760159207,1.314684396244359,1.3505640941792219,0.0,0.0,0.0,1.0,0.0,0.0,0.0,0.0,0.0,1.0,1.0,0.0,0.0,0.0,0.0,1.0,0.0,0.0,1.0,0.0,0.0
1.6488811780247936,0.38941341994981765,0.8888066401589718,-1.4068500719340293,1.2001559156378165,-1.330979171173199,0.7626144998608524,-0.013988780088812245,0.5126511664998494,1.3750626312126817,-0.7394156644030984,-0.0688836590318288,-0.18948520997642815,0.08475229944166292,-0.1723256222601817,-1.314684396244359,-1.2419665630181687,0.0,1.0,0.0,0.0,0.0,0.0,0.0,1.0,0.0,0.0,0.0,0.0,1.0,0.0,0.0,0.0,1.0,0.0,0.0,1.0,0.0
-0.7406488530867793,-1.7917139133124493,-1.2573870018367643,-1.6021168443644054,-0.35773457002726883,1.0691472030735534,1.3945225929463638,0.4039686737842291,-0.6994161599341014,1.2339756633708863,-0.1702591160391572,-0.0688836590318288,0.0015281065320679361,0.08475229944166292,0.22578637636070026,-1.314684396244359,-1.08817237148951,0.0,1.0,0.0,0.0,0.0,1.0,0.0,0.0,0.0,0.0,0.0,1.0,0.0,0.0,0.0,1.0,0.0,0.0,1.0,0.0,0.0
1.5598931785589372,-1.5512746797244819,0.2758795434616924,-0.6295488413951108,0.7537787204888092,1.7119328905253863,0.8489574436560917,-1.0290283109233413,-0.8216571901178216,1.2207176393289374,1.1957166000343027,-1.2743476920888372,-1.5647810888376,-1.829009300853943,-1.9306536161690768,0.0,-0.2313190186869826,0.0,0.0,0.0,1.0,0.0,1.0,0.0,0.0,0.0,0.0,0.0,0.0,1.0,0.0,0.0,1.0,0.0,0.0,1.0,0.0,0.0
-0.22492294709147603,0.08027726247957416,1.237966348494264,0.6656277648823695,-0.6112495571958654,0.915822176708896,0.8672957680019834,1.3592999969226094,1.6142767067603787,0.9352967784729513,-1.2516565579306453,1.1365803740251796,1.567837301901736,1.9985138997372687,2.1168183698098897,0.0,0.1861223583193769,1.0,0.0,0.0,0.0,0.0,0.0,0.0,0.0,0.0,1.0,0.0,0.0,0.0,1.0,0.0,1.0,0.0,0.0,1.0,0.0,0.0
1.7115772685575559,1.2309507375076987,-1.005005256137885,-1.5413051923789454,-0.1144419613735349,0.5560980763918155,0.12000905090690485,0.16513584299963407,-0.09020051042970534,-0.6578510229682509,-0.45483739022112746,1.1365803740251796,1.4914319752983374,1.0416330995894658,1.3869463723382727,0.6573421981221795,0.9770639147524791,0.0,0.0,0.0,1.0,0.0,0.0,0.0,0.0,1.0,0.0,1.0,0.0,0.0,0.0,0.0,0.0,1.0,0.0,0.0,1.0,0.0
0.2776570044372807,0.835943425184612,1.0766697441002429,1.5266147550343063,-0.15464998353199536,-0.16335012424234663,-1.229385982211611,0.6428015045688242,0.6443787385706884,-0.9687499443673488,-0.62558435473031,-1.2743476920888372,-1.2591597824240062,-0.87212850070614,-0.7363176203064311,-0.6573421981221795,-0.8245251860118092,0.0,0.0,0.0,0.0,1.0,1.0,0.0,0.0,0.0,0.0,1.0,0.0,0.0,0.0,1.0,0.0,0.0,0.0,1.0,0.0,0.0
0.9764150456975836,-0.8127827479900144,-1.0277765414641,0.10828060585966745,1.57906541258873,0.5443038435945339,-0.28801866578918095,0.8816343353534193,1.3639500887240552,-0.2648482344090363,-1.0809095934214632,-1.2743476920888372,-0.9535384760104125,0.08475229944166292,-0.3382056216855492,-1.314684396244359,-1.417731353336636,0.0,0.0,1.0,0.0,0.0,1.0,0.0,0.0,0.0,0.0,0.0,1.0,0.0,0.0,0.0,1.0,0.0,0.0,0.0,0.0,1.0
1.280794452961479,0.9218145800374568,-0.4509039798666601,1.1012121436681297,1.1619923691823297,-1.1658599120112607,0.769491371490562,0.9413425430495681,0.2512453552845541,-1.1098205033448267,1.6510418387254555,1.1365803740251796,0.5745680560575562,1.0416330995894658,1.0220103736024642,0.0,-0.2093484198971742,0.0,0.0,0.0,1.0,0.0,0.0,0.0,0.0,1.0,0.0,0.0,1.0,0.0,0.0,0.0,1.0,0.0,0.0,0.0,1.0,0.0
0.3626000948365071,-0.606691976343186,1.4106485955513923,0.3275372960457754,1.0549981407267657,0.7094231027564728,0.4004325940294955,-0.5513626493541511,-1.2900032059410762,-0.483670420740687,-1.2516565579306453,1.1365803740251796,0.7273787092643531,0.08475229944166292,0.3253143760159207,0.0,-0.05555422836851543,0.0,1.0,0.0,0.0,0.0,1.0,0.0,0.0,0.0,0.0,0.0,1.0,0.0,0.0,0.0,1.0,0.0,0.0,0.0,1.0,0.0
1.4415795883600144,0.3035422650969728,-1.7545600647924524,1.4328867042677254,0.004819121299864059,-0.12796742585050233,-1.3715079958922705,-0.849903687834895,-1.5200650427993563,-0.9931895098790249,0.5127287419975723,-0.0688836590318288,-0.15128254667472893,-0.87212850070614,-0.6036136207661371,-0.6573421981221795,-0.6487603956933421,0.0,0.0,0.0,1.0,0.0,0.0,0.0,0.0,1.0,0.0,0.0,0.0,0.0,1.0,0.0,0.0,1.0,0.0,0.0,1.0,0.0
0.0703554147725018,0.4581103438320938,0.2284393656987451,0.26672564406031524,1.463211789420286,1.3993857213974312,-0.2108448841668877,1.3592999969226094,0.25136916367927015,-1.0228890468041854,0.9111383258523317,1.1365803740251796,1.071202678979646,1.9985138997372687,1.685530371303934,0.6573421981221795,0.6255343341155448,0.0,1.0,0.0,0.0,0.0,1.0,0.0,0.0,0.0,0.0,0.0,1.0,0.0,0.0,1.0,0.0,0.0,0.0,1.0,0.0,0.0
-0.9145799429518618,1.5057384330368033,-0.0713825577630816,-0.4165685831799791,-1.7023180906822186,-1.1717570284099013,-1.3799130612174706,1.8369656584917997,1.6109284911215698,1.2174619176519623,1.0818852903615142,-0.0688836590318288,-0.15128254667472893,1.0416330995894658,0.8893063740621702,1.314684396244359,1.4604170881282639,1.0,0.0,0.0,0.0,0.0,0.0,1.0,0.0,0.0,0.0,1.0,0.0,0.0,0.0,0.0,1.0,0.0,0.0,1.0,0.0,0.0
-0.25525976509119946,-0.38342697372578877,0.2132585088146023,-0.47082485066241947,-0.8490902306416727,-0.6233252033363186,1.2837285500232691,1.001050750745717,-0.7666063953948334,0.5325486469807167,0.3419817774883905,-1.2743476920888372,-1.0681464659155102,0.08475229944166292,-0.37138162157062266,-1.9720265943665387,-1.6594079400245283,0.0,0.0,1.0,0.0,0.0,0.0,0.0,0.0,1.0,0.0,1.0,0.0,0.0,0.0,1.0,0.0,0.0,0.0,0.0,0.0,1.0
0.07440032383913155,-0.520820821490341,0.547237360265751,0.49979048458257136,0.3830471263497863,-0.08079049466137693,-1.6060857281501322,-1.7455268032771265,0.15669374094952493,-0.7767208960139529,0.0004878484700253693,1.1365803740251796,1.071202678979646,0.08475229944166292,-0.03962162271988771,0.0,0.05429876558052654,0.0,0.0,1.0,0.0,0.0,0.0,0.0,1.0,0.0,0.0,0.0,0.0,0.0,1.0,0.0,0.0,1.0,0.0,0.0,1.0,0.0
0.49001473043534666,0.8015949632434731,0.7104315717702896,-0.012087411717057175,-0.04084083606652309,-0.13976165864778395,0.08333240221512182,0.2845522583919316,0.1732437175700278,-1.686882199614668,0.9111383258523317,1.1365803740251796,0.88018936247115,1.0416330995894658,0.9224823739472436,1.314684396244359,1.5922406808671141,1.0,0.0,0.0,0.0,0.0,0.0,0.0,0.0,1.0,0.0,0.0,1.0,0.0,0.0,0.0,1.0,0.0,0.0,0.0,1.0,0.0
-0.12582267495904514,1.6087838188602184,1.4941433084141797,-1.2304125954165823,1.1115619685090061,0.33790476964211064,0.638830810526085,1.001050750745717,0.3667093958266832,-1.5137517647034644,-0.3979217353847333,-0.0688836590318288,-0.342295863183225,0.08475229944166292,0.25896237624577373,1.314684396244359,1.021005112332096,0.0,0.0,1.0,0.0,0.0,0.0,0.0,1.0,0.0,0.0,0.0,0.0,1.0,0.0,0.0,1.0,0.0,1.0,0.0,0.0,0.0
1.654948541624738,0.5268072677143699,-1.5742873892932527,1.5261963262362408,-1.099879250206306,0.733011568351035,-1.289749633183504,1.6578410354033533,1.5586559236130537,1.2965913821182085,-1.536234832112616,-1.2743476920888372,-1.220957119122307,0.08475229944166292,-0.1391496223751082,0.0,0.07626936437033494,0.0,0.0,0.0,1.0,0.0,0.0,1.0,0.0,0.0,0.0,0.0,1.0,0.0,0.0,1.0,0.0,0.0,1.0,0.0,0.0,0.0
1.792475449890152,-0.7612600550783069,0.04626908308902725,0.9337011481760715,-1.2334516628005128,0.29662495485162577,1.4281428542471646,1.3592999969226094,-1.2714215833077214,-0.5670920719527462,1.252632254870696,-1.2743476920888372,-1.5265784255359007,-0.87212850070614,-0.5704376208810636,-1.9720265943665387,-2.208672909769738,1.0,0.0,0.0,0.0,0.0,0.0,1.0,0.0,0.0,0.0,1.0,0.0,0.0,0.0,1.0,0.0,0.0,0.0,0.0,1.0,0.0
-0.6830088988873042,-0.46929812857863357,-1.47750942665684,1.316981927203695,1.3664399394795852,1.6706530757349014,-0.3201107333944912,-0.6110708570503,-1.4754455198682597,-0.27603840321980133,-0.2840904257119449,-1.2743476920888372,-1.4119704356308032,-1.829009300853943,-1.5657176174332685,-1.9720265943665387,-1.7472903351837619,0.0,0.0,0.0,0.0,1.0,0.0,0.0,0.0,0.0,1.0,0.0,0.0,1.0,0.0,0.0,1.0,0.0,0.0,0.0,1.0,0.0
-1.6487309385451765,0.1661484173324205,-0.5400915140610015,1.3695644794938753,0.9936638696375896,-1.5550695943215445,1.2615697414386502,0.6428015045688242,0.2784416102395585,-0.42865775773334597,0.3419817774883905,-0.0688836590318288,-0.0748772200713305,0.08475229944166292,0.29213837613084725,-0.6573421981221795,-0.45102500658506656,0.0,1.0,0.0,0.0,0.0,0.0,0.0,0.0,1.0,0.0,0.0,0.0,1.0,0.0,1.0,0.0,0.0,0.0,1.0,0.0,0.0
-0.18447385642517752,1.6087838188602184,-0.7583163317705589,0.5465150336998399,-0.12807179939335211,-0.5112799917621461,-0.8572708173595629,0.2845522583919316,-0.3403335396702714,-0.6142655269047648,1.3095479097070903,-0.0688836590318288,-0.03667455676963128,0.08475229944166292,0.12625837670547976,-1.314684396244359,-1.3518195569672107,0.0,0.0,1.0,0.0,0.0,0.0,1.0,0.0,0.0,0.0,1.0,0.0,0.0,0.0,0.0,1.0,0.0,0.0,0.0,0.0,1.0
0.45967791243562317,-1.0532219815779802,-1.2915439298260865,-1.2909452948699989,0.8301058133997848,0.3496990024393917,0.25983877404432737,0.2845522583919316,-0.9395027459310857,-0.9094232725162871,0.8542226710159375,-0.0688836590318288,0.3835547395490601,0.08475229944166292,0.49119437544128824,1.314684396244359,1.1967699026505632,1.0,0.0,0.0,0.0,0.0,0.0,1.0,0.0,0.0,0.0,0.0,0.0,0.0,1.0,0.0,1.0,0.0,0.0,0.0,0.0,1.0
0.06732173297252932,1.3855188162428211,1.5339930577350556,-1.3651466683935418,-0.6364647575325272,0.08432876450056145,-1.2270936916683748,0.1054276353034853,-0.7232905914415815,-0.5266848206604843,-0.22717477087555074,-1.2743476920888372,-1.5647810888376,-0.87212850070614,-1.3003096183526806,0.0,0.09823996316014333,1.0,0.0,0.0,0.0,0.0,0.0,0.0,1.0,0.0,0.0,0.0,0.0,1.0,0.0,1.0,0.0,0.0,0.0,1.0,0.0,0.0
1.4021417249603736,0.7157238083906282,-1.5894682461773957,1.4711032011576706,0.5806797776371335,1.3522087902083058,-0.37206931904118373,-0.37223802626570485,0.236327410974313,-1.519966833518391,0.7403913613431491,1.1365803740251796,0.6127707193592554,0.08475229944166292,0.3253143760159207,0.6573421981221795,0.8232697232238204,0.0,0.0,1.0,0.0,0.0,0.0,0.0,0.0,1.0,0.0,1.0,0.0,0.0,0.0,1.0,0.0,0.0,1.0,0.0,0.0,0.0
-1.3049136678816406,1.4198672781839585,-1.2611822160578008,-0.7376429475619262,-0.16623534584883948,-1.0597118168357282,0.008450911136064847,0.8816343353534193,-0.656745513787692,0.9944126725411235,-1.3085722127670396,-0.0688836590318288,0.3453520762473609,1.0416330995894658,0.7897783744069496,-0.6573421981221795,-0.7586133896423841,0.0,0.0,0.0,0.0,1.0,0.0,0.0,0.0,0.0,1.0,0.0,0.0,0.0,1.0,1.0,0.0,0.0,0.0,1.0,0.0,0.0
-0.8842431249521384,-0.14298774013782298,1.0880553867633507,-1.7919440424199353,-0.8116081760871761,1.5880934461539327,-0.9031166282242916,0.5233850891765267,1.526014171975708,-0.14559452926913016,-0.5686686998939159,-1.2743476920888372,-1.2591597824240062,-0.87212850070614,-0.802669620076578,-0.6573421981221795,-0.5608780005341085,0.0,0.0,1.0,0.0,0.0,0.0,0.0,0.0,1.0,0.0,1.0,0.0,0.0,0.0,0.0,0.0,1.0,0.0,0.0,1.0,0.0
1.5851738602253735,-0.8127827479900144,0.8793186046063822,-0.37639941856573034,-0.07423393921507446,-0.12207030945186179,-1.1315815857001899,0.16513584299963407,1.290759291489938,-0.8120461359469873,0.9680539806887258,-1.2743476920888372,-0.9917411393121117,-0.87212850070614,-0.7694936201915046,-1.314684396244359,-1.5275843472856778,0.0,0.0,0.0,1.0,0.0,1.0,0.0,0.0,0.0,0.0,0.0,0.0,0.0,1.0,0.0,1.0,0.0,0.0,0.0,1.0,0.0
0.18968023223808178,-0.2288588949906678,-1.249796573394693,1.4625951489303475,1.1347326931426953,-0.02181933067497043,0.43940153326451503,0.7622179199611218,0.374816911174439,-0.7016024684739663,1.6510418387254555,-1.2743476920888372,-0.8389304861053148,0.08475229944166292,-0.30502962180047566,-1.314684396244359,-1.6374373412347198,0.0,0.0,0.0,0.0,1.0,0.0,0.0,0.0,0.0,1.0,0.0,0.0,0.0,1.0,0.0,0.0,1.0,0.0,0.0,0.0,1.0
-1.539518393746171,-1.5341004487539134,-0.11692512841551139,-0.3466909739031089,0.35033551510222516,-0.3225722670056445,-1.2377910475368115,-0.6707790647464488,-0.01293951221928639,0.5104242538098424,-1.536234832112616,-0.0688836590318288,-0.41870118978662346,-0.87212850070614,-0.7363176203064311,0.0,0.07626936437033494,0.0,0.0,0.0,1.0,0.0,0.0,0.0,0.0,1.0,0.0,0.0,0.0,1.0,0.0,0.0,1.0,0.0,0.0,0.0,1.0,0.0
1.1372001810961199,-1.087570443519119,0.632629680239056,0.5808261951411775,-0.8511347063446453,-1.549172477922904,0.2621310645875639,0.8219261276572706,0.8084099382366069,0.33740648182271904,-1.5931504869490103,-1.2743476920888372,-1.6029837521392993,-0.87212850070614,-0.935373619616872,0.0,-0.03358362957870704,1.0,0.0,0.0,0.0,0.0,0.0,0.0,0.0,1.0,0.0,0.0,1.0,0.0,0.0,0.0,1.0,0.0,1.0,0.0,0.0,0.0
1.6569709961580532,-1.3108354461365161,0.5073876109448751,0.8992505104687124,-1.5994128136325998,-1.5550695943215445,-0.31246976491703626,0.5233850891765267,1.5836870516296537,-0.4880438059903416,0.9111383258523317,1.1365803740251796,0.6127707193592554,1.0416330995894658,0.8229543742920231,1.314684396244359,1.5482994832874974,0.0,1.0,0.0,0.0,0.0,0.0,0.0,1.0,0.0,0.0,0.0,1.0,0.0,0.0,1.0,0.0,0.0,1.0,0.0,0.0,0.0
0.5658567754346563,-0.8814796718722906,-0.10933469997343999,1.1833636643549093,-0.4804031122056223,0.2848307220543442,-1.053643707230151,1.001050750745717,1.5547171308771275,0.6239817147416619,-1.422403522439828,-1.2743476920888372,-1.5647810888376,-0.87212850070614,-0.802669620076578,-0.6573421981221795,-0.8245251860118092,1.0,0.0,0.0,0.0,0.0,0.0,0.0,0.0,1.0,0.0,0.0,0.0,0.0,1.0,1.0,0.0,0.0,1.0,0.0,0.0,0.0
-0.2532373105578846,1.1794280445959926,-1.2251276809579605,1.6351272899991862,-0.5505967780076796,1.7001386577281052,-0.5409347223929346,1.1801753738341632,0.4858867209572204,-1.1484215954172468,0.45581308716117885,1.1365803740251796,0.7655813725660523,1.0416330995894658,1.3205943725681255,0.6573421981221795,0.9770639147524791,0.0,1.0,0.0,0.0,0.0,0.0,1.0,0.0,0.0,0.0,0.0,0.0,0.0,1.0,0.0,0.0,1.0,0.0,0.0,0.0,1.0
0.0046256424397671915,0.21767111024412647,0.5225684678290186,0.541354411857037,1.0645390273406377,-0.0630991454654553,-1.5632963046763855,0.34426046608808036,0.5455369422723175,1.261537649682399,-1.3085722127670396,1.1365803740251796,0.9565946890745484,1.0416330995894658,1.0220103736024642,1.9720265943665387,1.7240642736059646,0.0,0.0,0.0,0.0,1.0,1.0,0.0,0.0,0.0,0.0,1.0,0.0,0.0,0.0,0.0,1.0,0.0,0.0,1.0,0.0,0.0
-1.3928904400808397,-0.9501765957545667,-0.4490063727561426,-0.034822043078593753,0.5895391723500143,-0.8710040920792271,1.6443822621591357,1.0607589584418657,-0.09788340167370718,0.9731346046092532,-1.2516565579306453,-0.0688836590318288,0.11613609643716559,1.0416330995894658,0.6902503747517292,-0.6573421981221795,-0.7366427908525757,1.0,0.0,0.0,0.0,0.0,0.0,0.0,1.0,0.0,0.0,0.0,0.0,1.0,0.0,0.0,0.0,1.0,0.0,0.0,0.0,1.0
1.5639380876255669,0.8874661180963194,-0.7165689753391654,0.6038397790347576,0.7714975099145717,0.9806904570939431,-0.975705828760112,0.46367688148037794,0.8898627349538523,-1.5532604192198711,0.28506612265199627,-1.2743476920888372,-1.6793890787426977,-0.87212850070614,-1.20078161869746,-1.9720265943665387,-1.9669963230818457,0.0,0.0,0.0,0.0,1.0,0.0,1.0,0.0,0.0,0.0,0.0,0.0,0.0,1.0,0.0,0.0,1.0,1.0,0.0,0.0,0.0
-0.8255919434860057,-1.396706600989361,-1.0676262907849752,-1.4082448345942462,0.10772439834948294,0.9040279439116149,-0.8847783038784001,1.001050750745717,0.3675985777686474,1.5706672895154816,1.1388009451979084,-0.0688836590318288,-0.22768787327812737,0.08475229944166292,0.35849037590099425,1.314684396244359,1.4823876869180723,1.0,0.0,0.0,0.0,0.0,0.0,1.0,0.0,0.0,0.0,0.0,0.0,1.0,0.0,0.0,0.0,1.0,0.0,1.0,0.0,0.0
0.8479891828320869,1.0763826587725778,1.6914944479080405,1.5945396965868728,0.10227246314155529,1.4170770705933529,0.5807594500974288,-0.013988780088812245,-0.3843953721090968,-1.0305617979266333,-0.5686686998939159,-1.2743476920888372,-0.686119832898518,-0.87212850070614,-0.6036136207661371,-0.6573421981221795,-1.0002899763302764,1.0,0.0,0.0,0.0,0.0,1.0,0.0,0.0,0.0,0.0,1.0,0.0,0.0,0.0,0.0,0.0,1.0,0.0,0.0,1.0,0.0
-0.5191900816887962,1.5744353569190794,1.5909212710505918,0.6314560797070535,-0.2480143739677418,0.5207153779999711,-1.4448612932758362,-1.0290283109233413,0.8002624891543948,0.7230339087798098,-0.7963313192394923,-0.0688836590318288,-0.30409319988152583,-0.87212850070614,-0.8358456199616516,0.0,0.03232816679071815,0.0,1.0,0.0,0.0,0.0,0.0,0.0,0.0,0.0,1.0,0.0,0.0,0.0,1.0,0.0,0.0,1.0,0.0,1.0,0.0,0.0
0.016760369639656426,0.1661484173324205,-0.7791900099862556,-0.38072318281240297,-0.17782070816568404,0.44994998121628305,0.1436960531870146,1.777257450795651,1.5886288858134001,-0.6393575562275228,-1.7069817966217986,-0.0688836590318288,0.30714941294566167,1.0416330995894658,1.2542423727979786,1.314684396244359,1.3945052917588385,0.0,0.0,0.0,1.0,0.0,1.0,0.0,0.0,0.0,0.0,1.0,0.0,0.0,0.0,1.0,0.0,0.0,0.0,0.0,0.0,1.0
-0.6193015810878845,-0.2632073569318051,-0.5154226216242684,-0.5094597763504294,1.1251918065288233,1.1576039490531636,0.10625530764748624,-0.07369698778496102,1.2987689760972259,-0.6463710769968996,1.02496963552512,-0.0688836590318288,0.3835547395490601,0.08475229944166292,0.29213837613084725,-0.6573421981221795,-0.6927015932729589,0.0,0.0,0.0,0.0,1.0,0.0,0.0,0.0,1.0,0.0,0.0,0.0,1.0,0.0,0.0,0.0,1.0,0.0,0.0,1.0,0.0
-1.020758805950895,-1.6886685274890343,0.7066363575492539,0.24315415510264846,-0.1198938965814616,1.4229741869919934,-0.5921292111918816,-1.387277557100234,-0.9844469895402889,1.302252778635062,-1.0809095934214632,-1.2743476920888372,-0.8007278228036157,-1.829009300853943,-1.466189617778048,0.0,-0.09949542594813222,0.0,0.0,0.0,0.0,1.0,0.0,0.0,0.0,0.0,1.0,1.0,0.0,0.0,0.0,0.0,0.0,1.0,0.0,1.0,0.0,0.0
0.2109160048378885,-1.2077900603131027,0.6819674651125215,-0.5514421324229605,0.5084416361321031,1.163501065451804,1.7154432689994652,-0.2528216108734073,-0.5020947345277073,0.9351090069328166,1.3095479097070903,-1.2743476920888372,-1.1063491292172094,-0.87212850070614,-1.1012536190422395,0.6573421981221795,0.47174014258688607,1.0,0.0,0.0,0.0,0.0,0.0,0.0,0.0,1.0,0.0,0.0,1.0,0.0,0.0,1.0,0.0,0.0,0.0,0.0,0.0,1.0
-1.5556980300126904,-1.6371458345773282,0.33470536388774685,-0.5610659947784575,-0.7345995912752097,-0.42282324578253583,-0.6670107022709386,0.5830932968726754,-0.3332696903998516,0.942686857303898,-0.5686686998939159,1.1365803740251796,1.3768239853932398,1.0416330995894658,1.5196503718785666,0.0,-0.011613030788898642,0.0,0.0,0.0,0.0,1.0,0.0,1.0,0.0,0.0,0.0,0.0,0.0,0.0,1.0,0.0,1.0,0.0,0.0,1.0,0.0,0.0
-0.7436825348867517,0.13179995539128167,0.8053119272961843,0.7714902507928374,-1.5510268886622491,0.35559611883803227,1.0384534618969703,1.2995917892264608,0.4508528142648187,0.5463948526848712,0.7403913613431491,-1.2743476920888372,-0.9917411393121117,0.08475229944166292,-0.1391496223751082,-0.6573421981221795,-0.8464957848016177,0.0,0.0,1.0,0.0,0.0,1.0,0.0,0.0,0.0,0.0,0.0,0.0,0.0,1.0,1.0,0.0,0.0,1.0,0.0,0.0,0.0
-0.7962663527529396,-0.5723435144020486,0.31762689989308585,0.9992549932062691,-0.545144842799753,-0.3343664998029261,1.6825871045464096,0.4039686737842291,-1.0910602498293283,0.8933311925611179,-0.5117530450575216,-1.2743476920888372,-1.029943802613811,-0.87212850070614,-0.6699656205362842,-0.6573421981221795,-0.42905440779525816,0.0,0.0,0.0,0.0,1.0,0.0,1.0,0.0,0.0,0.0,0.0,1.0,0.0,0.0,0.0,1.0,0.0,0.0,0.0,1.0,0.0
0.46675650330222507,-1.499751986812776,-1.604649103061539,-0.4049920531001784,-0.6739468120870239,0.44994998121628305,-0.47293010294358695,0.16513584299963407,-0.6428380725919166,-0.8357334311532747,-0.7394156644030984,-0.0688836590318288,-0.4951065163900219,0.08475229944166292,-0.3382056216855492,-1.314684396244359,-1.4836431497060611,0.0,0.0,0.0,0.0,1.0,0.0,0.0,0.0,0.0,1.0,0.0,0.0,1.0,0.0,0.0,0.0,1.0,0.0,1.0,0.0,0.0
0.09159118737230851,-0.38342697372578877,-0.03532802266324207,0.6865492047856241,1.0515906812218117,-0.5348684573567087,-1.5732295636970766,-0.013988780088812245,1.2178108602427982,-1.5935435044666728,-0.2840904257119449,1.1365803740251796,1.3768239853932398,1.0416330995894658,1.1878903730278316,0.0,-0.03358362957870704,0.0,1.0,0.0,0.0,0.0,0.0,0.0,0.0,0.0,1.0,1.0,0.0,0.0,0.0,0.0,1.0,0.0,0.0,1.0,0.0,0.0
0.9066403642982194,0.8015949632434731,1.4922457013036623,1.0376109663622357,0.03753073254742519,-1.2307281923963076,0.11389627612494087,1.478716412314907,-1.093828942691976,1.2143070174505914,-1.023993938585069,-1.2743476920888372,-0.8007278228036157,0.08475229944166292,0.12625837670547976,-1.314684396244359,-1.6374373412347198,0.0,0.0,0.0,1.0,0.0,1.0,0.0,0.0,0.0,0.0,0.0,1.0,0.0,0.0,0.0,1.0,0.0,0.0,0.0,0.0,1.0
0.9855160910975012,-1.2077900603131027,0.1715111523832082,-0.28308979659721495,-0.7700371701267341,1.7355213561199494,1.1706422165569386,-0.43194623396185367,0.6209593305495934,1.155277565956302,-0.5686686998939159,-1.2743476920888372,-1.1445517925189086,-0.87212850070614,-1.2339576185825336,-1.314684396244359,-1.08817237148951,0.0,1.0,0.0,0.0,0.0,0.0,0.0,0.0,0.0,1.0,0.0,0.0,0.0,1.0,0.0,1.0,0.0,0.0,0.0,1.0,0.0
1.177649271762418,-0.606691976343186,-1.4035027493466428,1.369703955759897,0.5370642959737191,1.5114309329716036,1.334158941974471,0.702509712264973,-0.3446838295038162,0.6938344193074776,0.9680539806887258,-1.2743476920888372,-0.8007278228036157,0.08475229944166292,-0.30502962180047566,-0.6573421981221795,-0.978319377540468,1.0,0.0,0.0,0.0,0.0,0.0,0.0,0.0,1.0,0.0,1.0,0.0,0.0,0.0,0.0,0.0,1.0,0.0,0.0,1.0,0.0
-1.203790941215895,1.368344585272251,1.2189902773890848,-1.156769126957126,-0.4292912196313085,-0.4641030605730207,-0.7885021010624698,0.5830932968726754,1.0336111901701734,-0.6380336822877953,-1.536234832112616,-1.2743476920888372,-0.8007278228036157,0.08475229944166292,-0.37138162157062266,0.0,-0.14343662352774902,0.0,0.0,1.0,0.0,0.0,0.0,0.0,0.0,0.0,1.0,0.0,0.0,0.0,1.0,0.0,1.0,0.0,0.0,1.0,0.0,0.0
-0.344247764557056,1.471389971095666,1.9059240513965627,-0.7349928985075139,0.1636067342307323,-1.7437773190780461,0.5051138621706261,-0.9096118955310438,0.757106834676005,-0.5024981546555656,0.28506612265199627,-0.0688836590318288,0.45996006615245855,0.08475229944166292,-0.1059736224900347,0.6573421981221795,0.911152118383054,0.0,0.0,1.0,0.0,0.0,1.0,0.0,0.0,0.0,0.0,0.0,1.0,0.0,0.0,0.0,0.0,1.0,1.0,0.0,0.0,0.0
0.041029824039435614,0.6985495774200596,0.08991404663093885,0.9922811799051843,1.2928388141725733,-0.9653579544574774,-1.6236599556482783,0.6428015045688242,1.0680749702592274,1.6331777885349095,-0.2840904257119449,-1.2743476920888372,-1.1827544558206078,-0.87212850070614,-0.6699656205362842,-0.6573421981221795,-0.8464957848016177,0.0,1.0,0.0,0.0,0.0,0.0,0.0,0.0,1.0,0.0,0.0,1.0,0.0,0.0,0.0,0.0,1.0,0.0,1.0,0.0,0.0
1.3171986345611475,0.8531176561551805,-0.8911488295068112,0.6889203013079929,0.5247974417558833,0.11381434649376523,0.1727317334013427,0.34426046608808036,-0.5795864916881,0.42168579223161057,-1.3085722127670396,-0.0688836590318288,0.3835547395490601,0.08475229944166292,0.5243703753263617,0.0,-0.3192014138462162,0.0,0.0,1.0,0.0,0.0,0.0,0.0,0.0,1.0,0.0,0.0,0.0,0.0,1.0,0.0,0.0,1.0,0.0,0.0,0.0,1.0
1.6741618596912302,1.3339961233311137,-1.050547826790314,-0.6771102481085095,-1.5040039474938807,0.4204643992230798,-0.14360436156528536,1.2995917892264608,1.2095123815005133,-0.9104785147391367,-0.113343461202763,-1.2743476920888372,-1.029943802613811,0.08475229944166292,-0.1723256222601817,0.0,-0.05555422836851543,0.0,0.0,0.0,1.0,0.0,1.0,0.0,0.0,0.0,0.0,1.0,0.0,0.0,0.0,1.0,0.0,0.0,0.0,1.0,0.0,0.0
-0.7679519892865306,-1.087570443519119,1.7806819821023812,1.2306461185362645,-0.6460056441463992,0.5266124943986117,-0.0511486429880826,-0.849903687834895,-0.7863659941051494,0.23114690558727236,1.3664635645434846,-0.0688836590318288,-0.38049852648492427,-0.87212850070614,-0.802669620076578,0.0,-0.05555422836851543,1.0,0.0,0.0,0.0,0.0,1.0,0.0,0.0,0.0,0.0,0.0,0.0,0.0,1.0,0.0,1.0,0.0,0.0,0.0,1.0,0.0
-0.059081675359652905,0.38941341994981765,-0.4281326945404459,0.7673059628121867,1.3160095388062616,1.1163241342626786,-0.7151488036789037,-1.5066939724925315,1.5691090276888358,1.5032593365695182,-1.3654878676034339,-1.2743476920888372,-0.8389304861053148,-1.829009300853943,-1.5657176174332685,-1.314684396244359,-1.6154667424449114,0.0,0.0,0.0,0.0,1.0,0.0,0.0,0.0,0.0,1.0,1.0,0.0,0.0,0.0,0.0,1.0,0.0,1.0,0.0,0.0,0.0
0.4273186399025845,1.4370415091545272,-1.2384109307315858,-0.962478688388902,0.25288217326053397,0.5560980763918155,-1.2278577885161202,0.9413425430495681,0.745100183968755,1.549132600478761,-1.422403522439828,-1.2743476920888372,-0.9535384760104125,0.08475229944166292,-0.30502962180047566,0.6573421981221795,0.33991654984803565,0.0,0.0,0.0,1.0,0.0,0.0,1.0,0.0,0.0,0.0,0.0,0.0,1.0,0.0,0.0,0.0,1.0,1.0,0.0,0.0,0.0
-0.0014417211601777849,1.471389971095666,-0.7393402606653804,-0.7843674966791946,1.4897899735589284,1.6824473085321836,-0.9161062746359647,-0.5513626493541511,1.531444468966734,0.9444058972956578,-0.7963313192394923,1.1365803740251796,1.1476080055830444,1.0416330995894658,0.6902503747517292,0.6573421981221795,0.8891815195932455,1.0,0.0,0.0,0.0,0.0,0.0,0.0,0.0,1.0,0.0,0.0,1.0,0.0,0.0,0.0,1.0,0.0,0.0,0.0,0.0,1.0
-0.2269454016247909,1.1966022755665613,0.8489568908380959,-0.3293959169164183,1.479567595044066,-0.08668761106001799,0.39661210979076833,1.4190082046187582,-0.22415773903753486,-0.885562415508035,0.9111383258523317,1.1365803740251796,1.4914319752983374,1.9985138997372687,2.083642369924816,0.0,0.07626936437033494,0.0,0.0,0.0,0.0,1.0,0.0,0.0,0.0,1.0,0.0,0.0,0.0,0.0,1.0,1.0,0.0,0.0,0.0,0.0,0.0,1.0
1.7429253138239371,1.6087838188602184,0.3574766492139617,0.9614569251143891,1.3957440912221912,0.2376537908652193,-0.9268036305044014,0.2845522583919316,-1.3187118301819858,0.18015762844531483,-0.1702591160391572,-0.0688836590318288,-0.4569038530883227,0.08475229944166292,-0.23867762203032866,0.0,-0.27526021626659936,0.0,0.0,0.0,1.0,0.0,0.0,0.0,1.0,0.0,0.0,0.0,0.0,0.0,1.0,1.0,0.0,0.0,0.0,1.0,0.0,0.0
0.7650685469661754,-1.5512746797244819,1.723753768786845,-1.4551088599775366,0.9629967340930011,-0.7235761821132104,1.0025409100529328,-0.2528216108734073,-0.05662162873324446,0.05820001312746033,-1.2516565579306453,-0.0688836590318288,-0.0748772200713305,0.08475229944166292,-0.2055016221452552,-1.314684396244359,-1.307878359387594,0.0,1.0,0.0,0.0,0.0,0.0,0.0,0.0,0.0,1.0,1.0,0.0,0.0,0.0,1.0,0.0,0.0,0.0,0.0,1.0,0.0
-1.375699576547663,-0.45212389760806493,0.2872651861247995,-0.11320770458278764,-1.5319451154345058,-1.7791600174698903,1.2042624778577393,0.04571942760733653,-0.9790863347712909,0.41250596304514214,1.6510418387254555,1.1365803740251796,1.3004186587898414,1.0416330995894658,1.154714373142758,-0.6573421981221795,-0.5169368029544917,1.0,0.0,0.0,0.0,0.0,0.0,0.0,1.0,0.0,0.0,1.0,0.0,0.0,0.0,1.0,0.0,0.0,0.0,0.0,1.0,0.0
-0.9105350338852322,-1.6371458345773282,0.02539540487333054,0.0028365487472643293,0.7394673905680018,0.9512048751007404,1.1958574125325392,0.4039686737842291,-1.034940640448828,-0.25451301817831323,-0.2840904257119449,-1.2743476920888372,-1.6793890787426977,-0.87212850070614,-1.2339576185825336,-1.9720265943665387,-1.9889669218716541,0.0,1.0,0.0,0.0,0.0,0.0,0.0,0.0,1.0,0.0,0.0,0.0,0.0,1.0,0.0,0.0,1.0,0.0,0.0,1.0,0.0
0.009681778773054194,-1.5856231416656208,-1.36934582135732,-0.15616639451747055,1.1640368448853025,-0.7943415788968979,0.346945814687312,-0.2528216108734073,-1.3244361721104632,0.13493970412749828,-1.4793191772762218,1.1365803740251796,0.6891760459626539,0.08475229944166292,0.4580183755562147,1.314684396244359,1.2846522978097967,1.0,0.0,0.0,0.0,0.0,1.0,0.0,0.0,0.0,0.0,0.0,1.0,0.0,0.0,0.0,1.0,0.0,0.0,1.0,0.0,0.0
-0.9661525335513924,1.2996476613899748,1.433419880877607,-1.3284644104298355,-1.0910198554934247,0.3909788172298766,-1.2347346601458293,0.4039686737842291,0.9004549852946773,1.6030308140208678,0.17123481297920792,1.1365803740251796,1.5296346386000366,1.0416330995894658,1.5528263717636401,1.9720265943665387,1.9217996627142402,0.0,0.0,0.0,1.0,0.0,0.0,1.0,0.0,0.0,0.0,0.0,1.0,0.0,0.0,0.0,0.0,1.0,0.0,0.0,0.0,1.0
0.8672025008985784,-0.7269115931371696,-0.6122005842606812,-0.9363966266428446,1.5313609795193712,0.6386577059727842,-1.3149648291591047,-0.1334051954811098,-0.40670105729379213,-1.3064501235950845,-1.4793191772762218,-1.2743476920888372,-1.6411864154409985,-1.829009300853943,-1.4993656176631216,0.0,-0.2093484198971742,0.0,0.0,0.0,0.0,1.0,1.0,0.0,0.0,0.0,0.0,0.0,0.0,0.0,1.0,0.0,0.0,1.0,0.0,1.0,0.0,0.0
1.507309360692749,-1.7573654513713104,-1.2516941805052113,1.2116773463573143,1.5872433154006207,-1.5255840123283413,0.5142830243435718,-1.4469857647963829,1.274576041967177,-0.4609911711268898,-0.62558435473031,-0.0688836590318288,0.23074408634226323,-0.87212850070614,-0.6036136207661371,0.6573421981221795,0.69144613048497,0.0,0.0,1.0,0.0,0.0,0.0,0.0,0.0,1.0,0.0,0.0,1.0,0.0,0.0,1.0,0.0,0.0,0.0,0.0,1.0,0.0
-1.0925559418835746,-0.022768123343839312,0.6705818224494144,0.3225161504689941,1.4155073563509264,0.9512048751007404,1.2103752526397031,-0.5513626493541511,1.534627837044274,-0.8029760939042548,-0.1702591160391572,1.1365803740251796,0.88018936247115,0.08475229944166292,0.4580183755562147,1.314684396244359,1.5043582857078805,0.0,0.0,0.0,1.0,0.0,1.0,0.0,0.0,0.0,0.0,0.0,0.0,0.0,1.0,1.0,0.0,0.0,0.0,0.0,1.0,0.0
-0.3402028554904259,-0.8814796718722906,1.4353174879881245,0.4766374244229697,1.2267340997764598,-1.7260859698821238,1.7398943681273205,-1.387277557100234,1.3002447279449614,0.051747777015894524,-1.0809095934214632,1.1365803740251796,1.415026648694939,0.08475229944166292,0.4580183755562147,0.6573421981221795,0.8452403220136288,0.0,0.0,1.0,0.0,0.0,0.0,0.0,0.0,0.0,1.0,0.0,0.0,0.0,1.0,0.0,0.0,1.0,0.0,0.0,1.0,0.0
1.2201208169620315,-0.19451043304952895,0.22084893725667368,1.0528138793586004,1.34667667435085,-0.19283570623554988,1.621459356726771,1.6578410354033533,-1.4170536948150847,1.2913281965972812,-0.7394156644030984,-1.2743476920888372,-1.4883757622342015,0.08475229944166292,-0.37138162157062266,-1.9720265943665387,-1.703349137604145,0.0,1.0,0.0,0.0,0.0,0.0,0.0,0.0,1.0,0.0,0.0,1.0,0.0,0.0,0.0,1.0,0.0,0.0,0.0,0.0,1.0
-0.45851644568934863,0.37223918897924746,1.237966348494264,0.08456964063597869,-0.4442840414531071,-1.4135388007541687,-1.1460994258073538,1.001050750745717,0.41617195494797504,-1.1121558061480414,1.480294874216273,1.1365803740251796,1.4532293119966382,1.9985138997372687,1.8182343708442281,0.6573421981221795,0.9331227171728623,0.0,0.0,1.0,0.0,0.0,0.0,1.0,0.0,0.0,0.0,0.0,0.0,1.0,0.0,1.0,0.0,0.0,0.0,0.0,1.0,0.0
-1.6699667111449832,-0.09146504722611547,0.9552228890270983,-0.11153398939052722,1.4359521133806517,1.5350193985661669,0.0542967220007937,-1.5066939724925315,1.7344713057769674,-1.325524836292485,1.480294874216273,1.1365803740251796,1.2622159954881422,0.08475229944166292,0.25896237624577373,-0.6573421981221795,-0.5169368029544917,0.0,0.0,0.0,1.0,0.0,0.0,0.0,0.0,0.0,1.0,0.0,1.0,0.0,0.0,1.0,0.0,0.0,1.0,0.0,0.0,0.0
1.632701541758274,-1.7401912204007417,1.5434810932876446,0.1822030268511667,-0.09263422054182766,1.546813631363448,1.3058873586078878,1.0607589584418657,-0.007423682419857066,-0.8232518678043189,-0.056427806366368814,-0.0688836590318288,0.11613609643716559,1.0416330995894658,0.6902503747517292,0.0,-0.03358362957870704,0.0,0.0,0.0,0.0,1.0,0.0,0.0,0.0,1.0,0.0,0.0,1.0,0.0,0.0,1.0,0.0,0.0,0.0,0.0,1.0,0.0
-0.6708741716874149,-0.022768123343839312,-0.9253057574961332,-1.6816183159967728,0.027308354032562033,-0.5997367377417564,-0.14207616786979443,0.1054276353034853,-1.6086119499906406,-0.25231406119613325,-0.7963313192394923,-0.0688836590318288,0.42175740285075936,0.08475229944166292,0.42484237567114125,0.0,-0.03358362957870704,0.0,0.0,0.0,1.0,0.0,0.0,0.0,0.0,0.0,1.0,0.0,0.0,0.0,1.0,1.0,0.0,0.0,0.0,0.0,0.0,1.0
-1.4323283034804803,-1.6714942965184656,-0.3389451603461045,1.6075109893268908,0.37418773163690555,0.054843182507358215,0.5723543847722286,-1.0290283109233413,0.09594734553254697,-1.087785766855278,0.9680539806887258,-0.0688836590318288,-0.5333091796917211,-0.87212850070614,-1.0349016192720926,0.6573421981221795,0.6035637353257364,0.0,0.0,0.0,1.0,0.0,0.0,1.0,0.0,0.0,0.0,1.0,0.0,0.0,0.0,0.0,0.0,1.0,1.0,0.0,0.0,0.0
-0.08638481155940422,-1.2764869841953788,-0.7924732597598809,1.2769522388554686,-0.8668090200674347,-0.8827983248765082,0.3324279745801481,1.001050750745717,1.0450676120517977,-1.1616899384357238,1.1388009451979084,1.1365803740251796,0.8037840358677515,1.0416330995894658,1.2542423727979786,0.6573421981221795,0.9550933159626708,0.0,0.0,1.0,0.0,0.0,0.0,0.0,0.0,0.0,1.0,0.0,1.0,0.0,0.0,0.0,0.0,1.0,0.0,0.0,0.0,1.0
1.4314673156934397,-1.4482292939010686,1.1089290649790473,0.7745587286453147,-1.6416653114940327,0.8922337111143338,-0.9397932769160746,0.2845522583919316,0.6243810574227651,-0.8242029052805719,-1.1947409030942513,-0.0688836590318288,-0.22768787327812737,0.08475229944166292,-0.03962162271988771,0.0,-0.2313190186869826,1.0,0.0,0.0,0.0,0.0,1.0,0.0,0.0,0.0,0.0,0.0,0.0,1.0,0.0,1.0,0.0,0.0,0.0,0.0,0.0,1.0
1.4092203158269758,-0.16016197110839164,-1.4661237839937329,-0.4896541465753485,-0.28958537992818373,0.48533267960812737,1.7887965663830308,-1.685818595580978,-0.4534564132127583,0.09558532676839172,-0.056427806366368814,1.1365803740251796,1.5296346386000366,0.08475229944166292,0.3916663757860677,1.314684396244359,1.5482994832874974,0.0,0.0,0.0,0.0,1.0,1.0,0.0,0.0,0.0,0.0,0.0,0.0,1.0,0.0,0.0,1.0,0.0,0.0,1.0,0.0,0.0
-0.6728966262207298,-0.09146504722611547,0.2758795434616924,-1.5526027699267029,-0.7761705972356515,-0.9830493036533996,-0.3904076433870751,-0.49165444165800243,-0.8302998727788992,0.7745859930515239,0.9111383258523317,1.1365803740251796,0.8037840358677515,0.08475229944166292,0.42484237567114125,0.0,0.05429876558052654,1.0,0.0,0.0,0.0,0.0,0.0,0.0,0.0,0.0,1.0,1.0,0.0,0.0,0.0,0.0,0.0,1.0,0.0,1.0,0.0,0.0
1.1695594536291585,1.5057384330368033,0.12027576039922516,-0.09926007798061792,0.6147543726866761,-0.3225722670056445,-1.053643707230151,1.239883581530312,-1.5810560150675035,-0.9859597980931682,-0.7394156644030984,1.1365803740251796,0.5745680560575562,1.0416330995894658,1.1878903730278316,0.6573421981221795,0.6255343341155448,0.0,0.0,0.0,1.0,0.0,0.0,0.0,1.0,0.0,0.0,0.0,0.0,0.0,1.0,1.0,0.0,0.0,0.0,0.0,1.0,0.0
-0.463572582022636,0.47528457480266245,1.050103244552993,1.2017745314697732,0.7387858986670106,1.6352703773430581,-1.2729395025331034,-1.2081529340117876,1.2328896449229607,-0.5621354107838237,0.17123481297920792,1.1365803740251796,0.8037840358677515,0.08475229944166292,0.026730377050259286,0.0,-0.25328961747679096,0.0,0.0,1.0,0.0,0.0,1.0,0.0,0.0,0.0,0.0,0.0,1.0,0.0,0.0,1.0,0.0,0.0,0.0,0.0,0.0,1.0
-0.33919162822376864,0.6126784225672148,-1.0163908988009922,0.7981302176029819,1.0379608432019942,-1.566863827118826,-0.9864031846285488,-0.013988780088812245,1.2859563272132113,0.03873690092001661,0.45581308716117885,-0.0688836590318288,-0.30409319988152583,0.08475229944166292,-0.2718536219154022,0.6573421981221795,0.36188714863784405,0.0,1.0,0.0,0.0,0.0,1.0,0.0,0.0,0.0,0.0,1.0,0.0,0.0,0.0,0.0,1.0,0.0,0.0,0.0,1.0,0.0
-0.8245807162193485,-0.9673508267251354,0.5738038598130016,0.24538577535899556,-1.0514933252359553,-1.4135388007541687,1.6336849062906988,0.5830932968726754,-0.17326115813012014,-0.28977465261666824,1.0818852903615142,-0.0688836590318288,0.45996006615245855,1.0416330995894658,0.7234263746368027,0.6573421981221795,0.7793285256442036,0.0,0.0,1.0,0.0,0.0,0.0,1.0,0.0,0.0,0.0,0.0,1.0,0.0,0.0,0.0,0.0,1.0,1.0,0.0,0.0,0.0
1.5851738602253735,-1.345183908077655,0.09181165374145706,0.5638100906865304,0.5881761885480329,0.09022588089920253,-1.5808705321745316,1.0607589584418657,0.7330853806997993,0.7896638785608346,-0.8532469740758865,-1.2743476920888372,-0.7243224962002172,0.08475229944166292,-0.03962162271988771,0.6573421981221795,0.6255343341155448,0.0,0.0,0.0,0.0,1.0,0.0,0.0,0.0,1.0,0.0,1.0,0.0,0.0,0.0,1.0,0.0,0.0,0.0,0.0,0.0,1.0
1.3728161342273073,-0.34907851178465144,-0.9936196134747779,0.05527962477142235,0.769453034211599,-1.0774031660316503,1.7926170506217585,-0.07369698778496102,-1.275994341350522,-0.9864539248217585,-0.5686686998939159,1.1365803740251796,0.9947973523762477,1.0416330995894658,0.8229543742920231,0.6573421981221795,0.49371074137669446,1.0,0.0,0.0,0.0,0.0,0.0,0.0,0.0,1.0,0.0,0.0,1.0,0.0,0.0,1.0,0.0,0.0,1.0,0.0,0.0,0.0
-0.8710971704855912,-1.4138808319599296,0.017804976431259133,1.4496238561903296,0.25901560036945187,1.5998876789512138,0.9872589730980236,1.6578410354033533,-0.7366086991513463,-1.5322707751401907,-0.5117530450575216,-0.0688836590318288,-0.11307988337302972,1.0416330995894658,0.8229543742920231,0.6573421981221795,0.9770639147524791,0.0,0.0,0.0,1.0,0.0,0.0,1.0,0.0,0.0,0.0,0.0,0.0,1.0,0.0,0.0,1.0,0.0,0.0,0.0,1.0,0.0
-0.5707626722883264,0.9046403490668881,1.4884504870826258,-1.6364280058057428,1.46661924892524,-0.7176790657145693,-1.156032684828045,-0.6707790647464488,-0.9404532793543603,0.7853148528623337,0.7973070161795434,1.1365803740251796,1.1476080055830444,1.0416330995894658,0.6238983749815822,0.0,-0.09949542594813222,0.0,0.0,1.0,0.0,0.0,0.0,0.0,1.0,0.0,0.0,0.0,0.0,1.0,0.0,0.0,1.0,0.0,0.0,0.0,0.0,1.0
0.6113620024342414,-1.568448910695052,1.0140487094531527,1.563436489264034,-1.405187621850207,0.08432876450056145,-0.06948696733397397,-0.6110708570503,1.5580683864541998,0.2705205675910409,1.3095479097070903,-1.2743476920888372,-1.2973624457257056,-1.829009300853943,-1.466189617778048,0.0,0.09823996316014333,0.0,0.0,0.0,1.0,0.0,0.0,0.0,0.0,1.0,0.0,0.0,0.0,0.0,1.0,1.0,0.0,0.0,1.0,0.0,0.0,0.0
0.13709641437189402,0.28636803412640266,-0.868377544180597,0.3739828926310004,0.5438792149836271,0.5737894255877372,-1.447917680666818,1.1801753738341632,0.07698172342495484,-0.1591255832802469,0.7973070161795434,-0.0688836590318288,0.11613609643716559,1.0416330995894658,0.7566023745218762,1.314684396244359,1.2846522978097967,0.0,1.0,0.0,0.0,0.0,0.0,0.0,0.0,0.0,1.0,0.0,1.0,0.0,0.0,0.0,1.0,0.0,0.0,0.0,1.0,0.0
-0.31492217382398946,0.4924588057732311,-0.6596407620236285,-0.7227189870976046,0.843735651419602,-1.5314811287269818,1.8040785033379405,0.2845522583919316,-1.2364324466151946,-0.565874432722211,-1.4793191772762218,-1.2743476920888372,-1.6411864154409985,-0.87212850070614,-1.267133618467607,-1.314684396244359,-1.5495549460754863,0.0,0.0,0.0,1.0,0.0,0.0,1.0,0.0,0.0,0.0,0.0,0.0,0.0,1.0,0.0,1.0,0.0,1.0,0.0,0.0,0.0
0.9703476820976394,-0.520820821490341,1.0026630667900456,-0.7528458605582912,-1.0187817139883948,1.6883444249308242,1.6757102329167,-0.7304872724425975,1.405657074441054,0.011820273550501035,0.6834757065067549,-1.2743476920888372,-0.877133149407014,-0.87212850070614,-1.1676056188123864,-1.314684396244359,-1.198025365438552,1.0,0.0,0.0,0.0,0.0,0.0,0.0,0.0,0.0,1.0,0.0,0.0,0.0,1.0,1.0,0.0,0.0,0.0,1.0,0.0,0.0
-0.057059220826338033,-0.7612600550783069,-0.27063130436746047,-0.8758639271894281,0.1220357282702904,-0.2400126374246753,0.8963314482163113,-1.685818595580978,1.1937979733653339,0.19938847909905952,1.5372105290526672,1.1365803740251796,0.88018936247115,0.08475229944166292,-0.1723256222601817,1.314684396244359,1.0649463099117127,0.0,0.0,0.0,0.0,1.0,0.0,0.0,0.0,0.0,1.0,1.0,0.0,0.0,0.0,1.0,0.0,0.0,0.0,1.0,0.0,0.0
0.8469779555654297,0.7844207322729044,-0.09035862886826079,0.9917232748410976,-0.5546857294136249,1.4583568853838376,-0.9925159594105126,-0.7901954801387463,-0.1954527074509363,-1.6860539748754764,-0.3410060805483391,1.1365803740251796,1.3004186587898414,1.0416330995894658,0.6902503747517292,0.0,-0.2972308150564078,1.0,0.0,0.0,0.0,0.0,0.0,0.0,0.0,1.0,0.0,0.0,0.0,1.0,0.0,0.0,0.0,1.0,0.0,0.0,0.0,1.0
-0.9853658516178843,-1.2593127532248087,0.336602970998265,1.1437524048047476,-1.598731321731609,1.676550192133543,1.6932844604148458,1.8369656584917997,-0.6555852246242619,1.4546344583613173,0.05740350330641955,-1.2743476920888372,-1.220957119122307,0.08475229944166292,-0.03962162271988771,-0.6573421981221795,-0.6487603956933421,0.0,0.0,0.0,1.0,0.0,0.0,0.0,0.0,1.0,0.0,0.0,1.0,0.0,0.0,1.0,0.0,0.0,0.0,1.0,0.0,0.0
-0.8781757613521934,-0.05711658528497816,0.11648054617818947,1.4851903040258618,-0.8007043056713221,-0.6646050181268034,0.035958397654902045,-0.9096118955310438,-0.7641947570990911,1.5130300540349872,0.6265600516703608,-0.0688836590318288,0.23074408634226323,0.08475229944166292,-0.30502962180047566,-1.314684396244359,-1.154084167858935,0.0,1.0,0.0,0.0,0.0,0.0,0.0,0.0,1.0,0.0,0.0,0.0,0.0,1.0,0.0,0.0,1.0,1.0,0.0,0.0,0.0
-0.8286256252859782,-1.1390931364308265,0.40491682697690906,1.4927220223910338,-0.5008478692353476,0.5855836583850182,-0.6486723779250472,-0.5513626493541511,0.4351393733827225,-0.7124828988252814,0.28506612265199627,-1.2743476920888372,-1.4883757622342015,-1.829009300853943,-1.598893617318342,-1.314684396244359,-1.263937161807977,1.0,0.0,0.0,0.0,0.0,0.0,0.0,0.0,0.0,1.0,0.0,0.0,1.0,0.0,0.0,0.0,1.0,0.0,1.0,0.0,0.0
1.1867503171623355,-1.087570443519119,-1.096090397442744,-1.633080575421222,-0.5287890371759724,-1.277905123585433,0.3584072674034944,-0.49165444165800243,-1.3178506985794496,1.615409525931621,-1.137825248257857,1.1365803740251796,0.9183920257728492,0.08475229944166292,0.5243703753263617,-0.6573421981221795,-0.6707309944831505,0.0,1.0,0.0,0.0,0.0,0.0,0.0,0.0,1.0,0.0,1.0,0.0,0.0,0.0,0.0,1.0,0.0,0.0,1.0,0.0,0.0
1.5012419970928048,-0.4006012046963574,1.093748208094904,-1.402386831421335,-0.4613213389778784,0.8804394783170517,-0.0786561295069198,0.16513584299963407,-1.4411483836676295,0.6029673727837317,0.8542226710159375,-0.0688836590318288,-0.30409319988152583,0.08475229944166292,-0.1723256222601817,-1.314684396244359,-1.4397019521264443,0.0,0.0,1.0,0.0,0.0,0.0,0.0,1.0,0.0,0.0,0.0,1.0,0.0,0.0,1.0,0.0,0.0,0.0,0.0,1.0,0.0
-1.3463739858145964,0.09745149345014435,-1.676758173261219,0.5774787647566566,-0.05310769028435791,-1.1304772136194163,-0.6532569590115199,0.7622179199611218,-1.4955297010776702,0.007667308406067089,-1.137825248257857,-1.2743476920888372,-1.373767772329104,-0.87212850070614,-0.7694936201915046,0.6573421981221795,0.4277989450072693,0.0,0.0,1.0,0.0,0.0,0.0,0.0,1.0,0.0,0.0,1.0,0.0,0.0,0.0,1.0,0.0,0.0,0.0,0.0,1.0,0.0
-0.23908012882468013,-0.12581350916725278,0.8129023557382563,-0.971684121946334,-1.31114173951347,-0.8120329280928201,0.9345362906035852,0.4039686737842291,0.47539644672722237,-0.13609125937568925,0.6834757065067549,1.1365803740251796,1.1476080055830444,1.0416330995894658,1.2210663729129052,0.0,0.05429876558052654,0.0,0.0,1.0,0.0,0.0,0.0,1.0,0.0,0.0,0.0,1.0,0.0,0.0,0.0,0.0,1.0,0.0,0.0,0.0,0.0,1.0
0.48091368503542953,-0.12581350916725278,1.9419785864964023,1.3026158718034604,1.2424084134992497,-0.05720202906681422,-0.865675882684763,-1.5664021801886803,-0.04165545994782972,0.08289856803368564,0.0004878484700253693,1.1365803740251796,0.7273787092643531,0.08475229944166292,-0.23867762203032866,0.0,0.2740047534786105,0.0,0.0,0.0,0.0,1.0,0.0,1.0,0.0,0.0,0.0,0.0,1.0,0.0,0.0,1.0,0.0,0.0,0.0,0.0,1.0,0.0
-0.1268339022257024,1.5744353569190794,-1.5154615688671984,1.5309385192809788,0.7864903317363704,-1.3663618695650435,-0.669302992814175,-1.148444726315639,-1.6744994337266115,-0.16894062159573117,1.480294874216273,-0.0688836590318288,-0.38049852648492427,-0.87212850070614,-0.9685496195019456,-0.6573421981221795,-0.8464957848016177,0.0,0.0,0.0,1.0,0.0,0.0,1.0,0.0,0.0,0.0,1.0,0.0,0.0,0.0,1.0,0.0,0.0,0.0,0.0,0.0,1.0
-1.4565977578802594,-1.1906158293425324,-0.8418110446333464,-1.5795216892688904,1.081576324865409,1.4347684197892754,-0.0778920326591742,-0.5513626493541511,-1.2853160356763724,-1.7267082049502576,0.7403913613431491,-0.0688836590318288,-0.03667455676963128,0.08475229944166292,-0.3382056216855492,0.6573421981221795,0.5376519389563112,0.0,0.0,1.0,0.0,0.0,0.0,0.0,0.0,0.0,1.0,0.0,0.0,0.0,1.0,1.0,0.0,0.0,0.0,0.0,0.0,1.0
1.4810174517596553,0.37223918897924746,-1.798205028334364,-1.3135404499655137,-1.2095994462658328,0.09022588089920253,0.3584072674034944,0.8219261276572706,0.2760053760796876,1.342951498723405,-0.6825000095667042,-1.2743476920888372,-1.4883757622342015,-0.87212850070614,-0.8358456199616516,-0.6573421981221795,-0.5169368029544917,0.0,0.0,0.0,1.0,0.0,0.0,0.0,0.0,1.0,0.0,0.0,0.0,0.0,1.0,0.0,1.0,0.0,0.0,0.0,1.0,0.0
1.4789949972263408,0.8187691942140433,-0.9613602925959734,-0.9267727642873476,-0.09467869624480028,1.3875914886001501,-1.162145459610009,1.001050750745717,1.3180969035741776,1.40579812571603,0.9111383258523317,1.1365803740251796,1.3386213220915406,1.9985138997372687,1.7187063711890076,1.314684396244359,1.306622896599605,0.0,0.0,0.0,1.0,0.0,0.0,1.0,0.0,0.0,0.0,1.0,0.0,0.0,0.0,0.0,1.0,0.0,0.0,0.0,0.0,1.0
-1.1228927598832985,-0.8643054409017219,-1.3446769289205875,0.9265878586089648,-1.6873252688604194,-1.6435263403011546,0.42106320891862337,-1.4469857647963829,-1.3782559300158974,0.3463772248617926,1.480294874216273,-0.0688836590318288,0.3835547395490601,-0.87212850070614,-0.4709096212258431,0.0,0.2740047534786105,1.0,0.0,0.0,0.0,0.0,0.0,0.0,0.0,0.0,1.0,0.0,0.0,0.0,1.0,0.0,1.0,0.0,0.0,0.0,0.0,1.0
0.5142841848351255,-1.4138808319599296,-0.143491627962762,-0.1415213865851922,0.06683488429003129,1.5762992133566516,0.43099646793931484,-0.6707790647464488,-1.4839910626839292,1.5434771246861456,-1.0809095934214632,1.1365803740251796,0.7273787092643531,0.08475229944166292,0.25896237624577373,0.6573421981221795,0.6694755316951616,1.0,0.0,0.0,0.0,0.0,1.0,0.0,0.0,0.0,0.0,1.0,0.0,0.0,0.0,0.0,0.0,1.0,0.0,0.0,1.0,0.0
-0.5434595360885751,0.7328980393611985,-0.4262350874299277,0.8904635057093451,0.08387218181480258,-0.4758972933703018,0.3798019791403676,-1.2678611417079364,-1.2782391975788283,0.23783038827123928,1.4233792193798787,-1.2743476920888372,-1.6029837521392993,-1.829009300853943,-2.0965336155944443,-0.6573421981221795,-0.5608780005341085,0.0,1.0,0.0,0.0,0.0,0.0,0.0,1.0,0.0,0.0,0.0,1.0,0.0,0.0,0.0,0.0,1.0,1.0,0.0,0.0,0.0
1.3354007253609816,-0.6238662073137545,-1.47750942665684,-1.3192589768724035,1.4645747732222676,-1.24841954159223,1.020115137551079,-0.07369698778496102,-0.9656008922780422,0.7378766569550796,-0.5117530450575216,-1.2743476920888372,-0.9153358127087133,-0.87212850070614,-0.8358456199616516,-1.314684396244359,-1.3957607545468276,0.0,0.0,0.0,1.0,0.0,0.0,0.0,0.0,1.0,0.0,0.0,0.0,0.0,1.0,1.0,0.0,0.0,0.0,1.0,0.0,0.0
-0.12278899315907264,1.1279053516842852,-0.11882273552602891,-1.6996107543135717,-1.1155535639290952,0.5443038435945339,-1.0643410630985877,-0.6110708570503,0.9452571808795853,0.17792534624385198,-0.056427806366368814,-0.0688836590318288,-0.38049852648492427,-0.87212850070614,-0.6699656205362842,0.0,-0.1873778211073658,0.0,0.0,1.0,0.0,0.0,1.0,0.0,0.0,0.0,0.0,0.0,1.0,0.0,0.0,0.0,1.0,0.0,0.0,0.0,1.0,0.0
-0.9166023974851771,-0.6410404382843248,-0.30668583946730066,-1.3464568487466344,0.7687715423106078,0.04894606610871767,-0.8022558443218883,-0.6110708570503,-0.14235645485212584,-1.3008450585402738,0.5127287419975723,-1.2743476920888372,-1.220957119122307,-0.87212850070614,-1.399837618007901,-1.314684396244359,-1.1101429702793184,0.0,1.0,0.0,0.0,0.0,0.0,1.0,0.0,0.0,0.0,0.0,0.0,1.0,0.0,1.0,0.0,0.0,1.0,0.0,0.0,0.0
1.2029299534288544,-1.1562673674013952,-0.5154226216242684,0.815006845791607,-1.5592047914741398,0.44994998121628305,-0.056497320922300975,-1.2678611417079364,0.13813021976673662,-1.5823350659925461,1.480294874216273,1.1365803740251796,1.1858106688847436,0.08475229944166292,0.3253143760159207,-0.6573421981221795,-0.6487603956933421,0.0,0.0,0.0,1.0,0.0,1.0,0.0,0.0,0.0,0.0,1.0,0.0,0.0,0.0,1.0,0.0,0.0,0.0,0.0,1.0,0.0
-1.5364847119461986,1.368344585272251,-0.15487727062586912,0.7009152601858589,-0.027210998046705872,-0.4346174785798174,-0.4118023551239486,-0.7304872724425975,-1.5743047267221375,0.3481761100490001,-0.8532469740758865,-1.2743476920888372,-1.4119704356308032,-1.829009300853943,-1.6320696172034155,-1.9720265943665387,-1.7253197363939534,0.0,0.0,1.0,0.0,0.0,1.0,0.0,0.0,0.0,0.0,0.0,0.0,0.0,1.0,0.0,0.0,1.0,0.0,1.0,0.0,0.0
-0.9954781242844586,0.08027726247957416,1.721856161676326,-0.2974558519974498,0.6610958219540535,-1.3604647531664023,-1.08420758113997,0.34426046608808036,1.7337273499765724,1.34202329832636,-0.113343461202763,1.1365803740251796,0.5745680560575562,1.0416330995894658,0.6902503747517292,-0.6573421981221795,-0.3851132102156414,0.0,0.0,0.0,0.0,1.0,0.0,0.0,0.0,0.0,1.0,0.0,0.0,1.0,0.0,0.0,1.0,0.0,0.0,0.0,0.0,1.0
-1.1188478508166686,-0.7269115931371696,1.1829357422892453,0.6582355227832196,0.46550764636967984,-0.8120329280928201,0.7075995268231781,-0.013988780088812245,-0.6387555736835512,0.11978941661892827,-1.0809095934214632,-0.0688836590318288,0.03973076983376715,0.08475229944166292,0.026730377050259286,0.6573421981221795,0.8672109208034372,1.0,0.0,0.0,0.0,0.0,1.0,0.0,0.0,0.0,0.0,0.0,1.0,0.0,0.0,0.0,0.0,1.0,0.0,0.0,0.0,1.0
-0.5808749449549011,0.21767111024412647,0.06714276130472396,1.4310735128094434,-0.5594561727205608,-1.154065679213979,-0.5378783350019525,-1.3275693494040852,-1.1131096129468376,-1.2593590512917572,-0.8532469740758865,-0.0688836590318288,-0.4569038530883227,-0.87212850070614,-1.134429618927313,0.0,-0.07752482715832383,0.0,1.0,0.0,0.0,0.0,0.0,0.0,0.0,1.0,0.0,1.0,0.0,0.0,0.0,0.0,1.0,0.0,0.0,0.0,0.0,1.0
1.01383045456391,0.33789072703811013,0.4561522189608921,-1.6579073507730842,-1.3493052859689576,1.1693981818504446,-1.230914175907102,-1.3275693494040852,0.730585998731462,-1.0514210169095144,0.6265600516703608,-0.0688836590318288,-0.0748772200713305,-0.87212850070614,-0.802669620076578,0.0,-0.05555422836851543,0.0,0.0,0.0,0.0,1.0,0.0,1.0,0.0,0.0,0.0,1.0,0.0,0.0,0.0,0.0,1.0,0.0,0.0,0.0,0.0,1.0
-1.349407667614569,-1.5512746797244819,0.37075989898758704,-0.9513205871071662,-0.1989469570964006,1.3816943722015096,0.5731184816199739,-0.3125298185695561,-0.5546077335170333,-0.42268932937384013,-1.7069817966217986,-1.2743476920888372,-0.9153358127087133,-0.87212850070614,-0.9685496195019456,0.0,0.09823996316014333,0.0,0.0,0.0,0.0,1.0,0.0,1.0,0.0,0.0,0.0,0.0,0.0,1.0,0.0,0.0,1.0,0.0,0.0,0.0,1.0,0.0
-0.13189003855898976,-0.45212389760806493,0.959018103248134,1.602350367484088,0.3121719686467383,0.043048949710077125,-0.595949695430609,1.478716412314907,1.4810496160517461,-0.01689591566041902,0.2281504678156021,-1.2743476920888372,-1.4883757622342015,-0.87212850070614,-0.4709096212258431,-0.6573421981221795,-0.6487603956933421,1.0,0.0,0.0,0.0,0.0,1.0,0.0,0.0,0.0,0.0,0.0,1.0,0.0,0.0,0.0,0.0,1.0,1.0,0.0,0.0,0.0
1.0836051359632743,0.1489741863618503,1.0766697441002429,-1.2132570146959136,1.1994744237368264,1.3816943722015096,-0.5012016863101695,-1.387277557100234,-0.044647035556769306,1.4194849793563948,-1.7069817966217986,-0.0688836590318288,0.2689467496439625,-0.87212850070614,-0.5372616209959902,-0.6573421981221795,-0.8025545872220009,0.0,0.0,1.0,0.0,0.0,0.0,1.0,0.0,0.0,0.0,0.0,0.0,0.0,1.0,0.0,1.0,0.0,0.0,0.0,1.0,0.0
1.1311328174961748,-0.19451043304952895,-1.511666354646162,0.8045461258399796,-0.9492695400873277,0.6032750075809409,-0.37130522219343814,-0.7901954801387463,-0.4207303723781165,0.7874432686442986,-0.7963313192394923,-0.0688836590318288,-0.5333091796917211,-0.87212850070614,-0.9021976197317986,-0.6573421981221795,-0.363142611425833,1.0,0.0,0.0,0.0,0.0,0.0,1.0,0.0,0.0,0.0,0.0,0.0,0.0,1.0,0.0,1.0,0.0,0.0,0.0,1.0,0.0
-1.1785102595494585,0.7844207322729044,-0.19852223416778073,-1.0294272960793167,1.014108626667315,-0.32846938340428505,1.6436181653113897,0.8219261276572706,-0.16512324339973278,0.8589664632631183,0.7403913613431491,1.1365803740251796,1.5296346386000366,1.9985138997372687,1.7850583709591545,0.0,-0.2972308150564078,1.0,0.0,0.0,0.0,0.0,0.0,0.0,1.0,0.0,0.0,0.0,0.0,0.0,1.0,1.0,0.0,0.0,0.0,0.0,0.0,1.0
-0.7305365804202049,1.1794280445959926,1.0823625654317968,-1.2684896160405057,-0.27800001761133913,-0.8061358116941796,-1.2775240836195763,-0.43194623396185367,-0.7802195152951332,-1.5996613042405388,-0.113343461202763,-0.0688836590318288,-0.41870118978662346,-0.87212850070614,-0.6036136207661371,0.0,0.12021056194995172,0.0,0.0,0.0,0.0,1.0,0.0,0.0,0.0,1.0,0.0,0.0,0.0,1.0,0.0,1.0,0.0,0.0,0.0,0.0,0.0,1.0
0.9642803184976945,0.3207164960675415,-1.5704921750722172,-0.5192231149719484,-0.7073399152355757,-1.2543166579908704,-1.4983480726180196,1.8369656584917997,-1.2301783263548616,-0.672346647539594,0.9680539806887258,1.1365803740251796,1.3004186587898414,1.9985138997372687,2.149994369694963,1.314684396244359,1.2626816990199883,0.0,0.0,0.0,1.0,0.0,1.0,0.0,0.0,0.0,0.0,0.0,0.0,1.0,0.0,0.0,1.0,0.0,0.0,0.0,0.0,1.0
1.0006845000973628,-1.0016992886662741,0.7768478206384162,-0.6320594141835014,1.6090510562323275,0.8155711979320047,-0.6333904409701374,1.1204671661380143,0.8251707760293618,-1.114467087727201,-0.7394156644030984,-0.0688836590318288,-0.4569038530883227,0.08475229944166292,0.22578637636070026,-0.6573421981221795,-0.7366427908525757,0.0,1.0,0.0,0.0,0.0,0.0,0.0,0.0,0.0,1.0,0.0,0.0,0.0,1.0,1.0,0.0,0.0,0.0,0.0,0.0,1.0
-0.8508726251524421,-0.4006012046963574,0.7901310704120414,-1.19735672036944,-1.1216869910380132,0.36739035163531386,0.7198250763871059,-1.2081529340117876,-0.8166419828787238,-0.8828265334192003,-1.6500661417854043,-0.0688836590318288,0.15433875973886482,-0.87212850070614,-0.5372616209959902,0.6573421981221795,0.5376519389563112,0.0,0.0,0.0,0.0,1.0,0.0,0.0,1.0,0.0,0.0,0.0,0.0,0.0,1.0,0.0,1.0,0.0,0.0,0.0,1.0,0.0
1.2079860897621415,-1.7917139133124493,-1.7602528861240063,-0.5772452416369743,0.1717846370426228,-1.2896993563827146,0.5417905108624089,-1.685818595580978,-1.0924152332206107,1.2488221331442466,0.7403913613431491,-0.0688836590318288,-0.4951065163900219,-0.87212850070614,-1.3666616181228275,-0.6573421981221795,-0.8245251860118092,0.0,0.0,0.0,0.0,1.0,0.0,0.0,1.0,0.0,0.0,0.0,0.0,0.0,1.0,0.0,0.0,1.0,0.0,1.0,0.0,0.0
-0.1966085836250671,0.3035422650969728,-0.885456008175258,-0.37263355938314474,0.5459236906865998,-1.4902013139364974,1.6489668432456082,1.239883581530312,-0.34518763018142323,-0.15607150455447819,0.45581308716117885,1.1365803740251796,1.1858106688847436,1.9985138997372687,1.7187063711890076,-0.6573421981221795,-0.5389074017443001,0.0,0.0,0.0,1.0,0.0,0.0,1.0,0.0,0.0,0.0,0.0,1.0,0.0,0.0,0.0,0.0,1.0,0.0,1.0,0.0,0.0
-1.1977235776159503,-1.6027973726361895,1.1791405280682095,-1.1138104370224435,0.12612467967623567,-0.5230742245594272,0.4890678283679711,0.34426046608808036,0.5414577596602391,-0.43095702870048025,0.05740350330641955,1.1365803740251796,1.4532293119966382,1.0416330995894658,1.4532983721084196,1.314684396244359,1.5922406808671141,1.0,0.0,0.0,0.0,0.0,0.0,1.0,0.0,0.0,0.0,0.0,0.0,0.0,1.0,0.0,0.0,1.0,0.0,1.0,0.0,0.0
0.9683252275643242,0.5611557296555073,0.6535033584547534,-0.11362613338085276,0.9841229830237176,-1.4607157319432942,0.7496248534491797,0.46367688148037794,-0.22410799459322908,0.7770358195778654,-0.5686686998939159,-0.0688836590318288,0.2689467496439625,0.08475229944166292,0.49119437544128824,0.6573421981221795,0.7573579268543952,0.0,0.0,0.0,0.0,1.0,0.0,0.0,0.0,1.0,0.0,0.0,0.0,1.0,0.0,1.0,0.0,0.0,0.0,0.0,1.0,0.0
-0.7861540800863648,-0.4349496666374963,-0.1491844492943152,0.6083030195474518,0.878491738370135,-0.08668761106001799,-0.26968034144328956,0.34426046608808036,0.11700071433184689,-0.9268483022772909,-0.7963313192394923,1.1365803740251796,0.8037840358677515,1.0416330995894658,0.8893063740621702,1.314684396244359,1.1967699026505632,0.0,1.0,0.0,0.0,0.0,1.0,0.0,0.0,0.0,0.0,0.0,0.0,1.0,0.0,1.0,0.0,0.0,0.0,0.0,1.0,0.0
-0.912557488418547,0.7672465013023357,0.0026241195471156417,-0.026453467117292004,0.9602707664890372,0.8922337111143338,1.0942325317823907,-1.0290283109233413,-0.25110789717223836,-0.26248992536306676,1.1957166000343027,-0.0688836590318288,0.4981627294541578,0.08475229944166292,-0.1391496223751082,0.6573421981221795,0.911152118383054,0.0,0.0,0.0,0.0,1.0,0.0,0.0,1.0,0.0,0.0,0.0,0.0,0.0,1.0,1.0,0.0,0.0,0.0,0.0,0.0,1.0
1.5518033604256776,0.4065876509203863,0.5794966811445554,1.3369270332447978,1.601554645321428,-1.0891973988289314,-0.24981382340190697,-0.7901954801387463,-1.1063150745707282,0.1724704984211476,-1.6500661417854043,-0.0688836590318288,0.19254142304056404,0.08475229944166292,-0.2718536219154022,0.0,-0.1873778211073658,0.0,0.0,1.0,0.0,0.0,0.0,0.0,0.0,0.0,1.0,0.0,0.0,1.0,0.0,0.0,0.0,1.0,0.0,0.0,1.0,0.0
-1.5546868027460328,0.38941341994981765,0.39163357720328373,0.44525526456808784,0.8955290358949062,-0.31667515060700396,1.4273787573994194,0.702509712264973,-0.8480756354145018,0.984815516877614,-0.3410060805483391,1.1365803740251796,0.9183920257728492,1.0416330995894658,1.1878903730278316,1.9720265943665387,1.8998290639244317,0.0,0.0,1.0,0.0,0.0,0.0,0.0,0.0,0.0,1.0,1.0,0.0,0.0,0.0,1.0,0.0,0.0,0.0,0.0,1.0,0.0
0.9976508182973903,-1.173441598371964,-1.4395572844464823,0.7992460277311553,0.13498407438911642,1.2932376262218992,0.7274660448645609,-1.387277557100234,1.1501202785797582,-1.7030297062485527,0.05740350330641955,1.1365803740251796,0.9947973523762477,0.08475229944166292,0.09308237682040628,0.0,0.23006355589899372,0.0,1.0,0.0,0.0,0.0,0.0,0.0,1.0,0.0,0.0,0.0,1.0,0.0,0.0,1.0,0.0,0.0,0.0,1.0,0.0,0.0
0.23619668650432493,0.26919380315583397,1.6042045208242173,-1.2297152140864738,1.5075087629846908,-0.41102901298525474,0.7014867520412144,0.5233850891765267,-0.046692775828840696,-1.315054627549121,-1.6500661417854043,1.1365803740251796,1.2240133321864428,1.0416330995894658,1.353770372453199,1.314684396244359,1.636181878446731,0.0,1.0,0.0,0.0,0.0,0.0,1.0,0.0,0.0,0.0,0.0,1.0,0.0,0.0,0.0,1.0,0.0,1.0,0.0,0.0,0.0
-0.6223352628878569,-0.29755581887294397,0.4011216127558733,0.7285315608581548,-1.4106395570581343,-0.7471646477077731,-0.9382650832205837,0.22484405069578284,1.1748467218749852,-0.877266465868599,1.0818852903615142,1.1365803740251796,0.9947973523762477,1.0416330995894658,0.9888343737173907,0.0,-0.011613030788898642,0.0,0.0,1.0,0.0,0.0,0.0,0.0,0.0,0.0,1.0,0.0,0.0,0.0,1.0,0.0,0.0,1.0,0.0,0.0,1.0,0.0
0.03900736950612074,-0.5723435144020486,-0.7032857255655401,0.6928256367566004,-1.4378992330977682,-0.04540779626953313,-0.0580255146177919,0.8219261276572706,-0.9137261421449606,-0.36871989797732113,1.6510418387254555,1.1365803740251796,0.9183920257728492,1.0416330995894658,1.2542423727979786,1.9720265943665387,1.6801230760263477,0.0,1.0,0.0,0.0,0.0,0.0,0.0,1.0,0.0,0.0,0.0,0.0,0.0,1.0,1.0,0.0,0.0,0.0,0.0,1.0,0.0
-1.3979465764141268,0.4924588057732311,-0.1909318057257093,-0.6105800692161598,-0.6248793952156826,0.30841918764890686,-1.0467668356004416,1.3592999969226094,0.45876701717484214,-0.2564589064901818,1.4233792193798787,-0.0688836590318288,0.19254142304056404,1.0416330995894658,0.9224823739472436,1.314684396244359,1.2626816990199883,1.0,0.0,0.0,0.0,0.0,0.0,0.0,0.0,1.0,0.0,1.0,0.0,0.0,0.0,1.0,0.0,0.0,1.0,0.0,0.0,0.0
-0.36649476442351997,-0.8299569789605831,0.598472752249734,-1.3200958344685336,-1.1469021913746744,1.0691472030735534,0.5417905108624089,1.478716412314907,-1.1343771592146759,-0.9745427809622969,-0.62558435473031,1.1365803740251796,1.0330000156779469,1.9985138997372687,1.7187063711890076,0.0,-0.2972308150564078,0.0,0.0,0.0,0.0,1.0,0.0,0.0,0.0,0.0,1.0,0.0,1.0,0.0,0.0,1.0,0.0,0.0,0.0,1.0,0.0,0.0
-1.4323283034804803,-1.173441598371964,0.45994743318192777,0.5292199767131497,-0.916557928839767,-1.3663618695650435,0.4149504341366597,-0.19311340317725856,0.11193963166077886,1.415698591624099,-1.023993938585069,1.1365803740251796,0.6509733826609546,0.08475229944166292,0.4580183755562147,0.6573421981221795,0.6255343341155448,0.0,0.0,1.0,0.0,0.0,0.0,0.0,0.0,1.0,0.0,0.0,0.0,1.0,0.0,0.0,1.0,0.0,0.0,1.0,0.0,0.0
-1.2877228043484639,-1.3280096771070848,-0.22319112660451315,0.6027239689065839,0.16769568563667756,-0.2400126374246753,-1.285165052097031,-0.3125298185695561,1.3446492443334475,-1.473559520282835,-1.7069817966217986,1.1365803740251796,1.3004186587898414,1.0416330995894658,0.9556583738323171,-0.6573421981221795,-0.5389074017443001,1.0,0.0,0.0,0.0,0.0,0.0,0.0,0.0,0.0,1.0,1.0,0.0,0.0,0.0,0.0,0.0,1.0,0.0,0.0,0.0,1.0
-0.9216585338184641,1.5744353569190794,1.2076046347259777,-0.999718851416695,-0.0347074089576052,-0.5112799917621461,1.1339655678651552,0.5830932968726754,-0.6255632088746699,1.635234986462462,0.7403913613431491,1.1365803740251796,0.7273787092643531,1.0416330995894658,0.9556583738323171,-0.6573421981221795,-0.5608780005341085,1.0,0.0,0.0,0.0,0.0,0.0,0.0,0.0,1.0,0.0,0.0,1.0,0.0,0.0,1.0,0.0,0.0,0.0,0.0,1.0,0.0
1.1119194994296833,1.5057384330368033,1.0709769227686896,1.573339304151575,0.9452779446672386,0.36739035163531386,-1.484594329358601,0.6428015045688242,1.4529774443399261,-1.2153822799378786,-0.6825000095667042,-1.2743476920888372,-1.5265784255359007,-0.87212850070614,-0.9685496195019456,-1.314684396244359,-1.0662017726997015,0.0,0.0,1.0,0.0,0.0,1.0,0.0,0.0,0.0,0.0,1.0,0.0,0.0,0.0,0.0,1.0,0.0,0.0,0.0,1.0,0.0
-1.088511032816945,1.471389971095666,-0.1302083781891367,0.3264214859176017,0.6256582431025295,1.2755462770259767,-0.23682417699023398,1.0607589584418657,-0.3324164350009972,1.430696293610866,0.2281504678156021,-1.2743476920888372,-0.9917411393121117,0.08475229944166292,-0.2718536219154022,0.0,-0.14343662352774902,0.0,0.0,0.0,1.0,0.0,0.0,0.0,0.0,0.0,1.0,0.0,0.0,1.0,0.0,1.0,0.0,0.0,0.0,0.0,0.0,1.0
1.330344589027694,1.4885642020662346,-0.38069251677749855,1.4592477185458268,-0.3700014242451041,-1.4312301499500903,-1.1598531690667724,1.8369656584917997,0.5485768805354433,-1.1572911786536175,1.5941261838890612,-1.2743476920888372,-0.8389304861053148,0.08475229944166292,0.29213837613084725,0.6573421981221795,0.911152118383054,0.0,0.0,1.0,0.0,0.0,0.0,0.0,0.0,1.0,0.0,0.0,1.0,0.0,0.0,1.0,0.0,0.0,0.0,1.0,0.0,0.0
-0.7386263985534645,0.5783299606260759,0.08611883240990316,1.225903925491527,0.055931013874177905,0.42636151562172037,1.7047459131310285,0.04571942760733653,0.8543979861021579,-1.6739855089148183,-1.0809095934214632,1.1365803740251796,0.7273787092643531,1.0416330995894658,0.6570743748666557,0.0,0.31794595105822726,0.0,0.0,1.0,0.0,0.0,0.0,0.0,1.0,0.0,0.0,0.0,1.0,0.0,0.0,1.0,0.0,0.0,0.0,0.0,0.0,1.0
0.1866465504381093,1.5572611259485107,1.1544716356314764,0.8964609851482782,-1.3554387130778751,0.8450567799252084,-0.7441844838932321,0.5233850891765267,-0.9318082476500791,-0.8372646996048998,0.28506612265199627,1.1365803740251796,1.3386213220915406,1.0416330995894658,1.4532983721084196,1.9720265943665387,1.9217996627142402,1.0,0.0,0.0,0.0,0.0,0.0,0.0,0.0,0.0,1.0,0.0,0.0,0.0,1.0,0.0,1.0,0.0,0.0,0.0,1.0,0.0
1.5760728148254561,0.7328980393611985,0.16012550972010106,0.09935412483427862,-0.5901233082651494,-0.28129245221516014,1.1140990498237728,-1.0887365186194902,-0.32747086998392794,0.7481186640699334,1.3095479097070903,1.1365803740251796,0.7655813725660523,0.08475229944166292,0.05990637693533278,0.0,0.31794595105822726,0.0,0.0,1.0,0.0,0.0,0.0,0.0,1.0,0.0,0.0,0.0,0.0,0.0,1.0,0.0,0.0,1.0,0.0,0.0,1.0,0.0
0.6831591383669211,1.6087838188602184,-0.6084053700396456,-1.788317659503371,-1.6893697445633922,-1.549172477922904,0.17731631448781576,-0.43194623396185367,-0.823831436871016,-1.6314934860364072,0.39889743232478464,1.1365803740251796,1.1094053422813452,1.0416330995894658,0.7234263746368027,0.0,0.09823996316014333,0.0,1.0,0.0,0.0,0.0,0.0,1.0,0.0,0.0,0.0,0.0,0.0,0.0,1.0,0.0,0.0,1.0,0.0,0.0,0.0,1.0
0.6073170933676117,-0.29755581887294397,-1.266875037389354,0.7798588267541395,-1.6982291392762734,1.3345174410123841,-0.9772340224556031,-0.2528216108734073,1.4184742832324635,-1.204285320242985,-1.023993938585069,-1.2743476920888372,-1.5647810888376,-1.829009300853943,-1.4993656176631216,-1.314684396244359,-1.307878359387594,0.0,0.0,1.0,0.0,0.0,1.0,0.0,0.0,0.0,0.0,0.0,0.0,1.0,0.0,0.0,0.0,1.0,0.0,0.0,1.0,0.0
-0.5616616268884093,-1.1219189054602563,0.7711549993068623,-0.6895236357844408,0.9364185499543578,-0.6351194361336001,0.9077929009324939,1.6578410354033533,0.3271863293937167,-1.5628212047201993,-0.22717477087555074,-1.2743476920888372,-1.2591597824240062,0.08475229944166292,-0.1723256222601817,0.6573421981221795,0.581593136535928,0.0,1.0,0.0,0.0,0.0,0.0,0.0,0.0,1.0,0.0,1.0,0.0,0.0,0.0,0.0,0.0,1.0,1.0,0.0,0.0,0.0
-1.3777220310809777,1.4026930472133898,-0.0030687017844375775,-1.6374043396678946,0.9091588739147234,0.06074029890599876,-0.726610256395086,0.702509712264973,-0.6252871272087732,-0.909656549051284,-0.7394156644030984,-1.2743476920888372,-1.6411864154409985,-0.87212850070614,-1.0349016192720926,0.0,-0.09949542594813222,0.0,0.0,0.0,0.0,1.0,0.0,0.0,0.0,0.0,1.0,1.0,0.0,0.0,0.0,0.0,0.0,1.0,1.0,0.0,0.0,0.0
0.6730468657003463,-0.19451043304952895,0.5529301815973049,1.4635714827924993,-0.600345686780012,0.36739035163531386,1.203498381009994,0.702509712264973,-1.5373509608375597,-1.6207671636788434,1.7079574935618496,1.1365803740251796,0.9183920257728492,1.0416330995894658,1.1878903730278316,0.0,-0.03358362957870704,1.0,0.0,0.0,0.0,0.0,0.0,0.0,0.0,0.0,1.0,1.0,0.0,0.0,0.0,0.0,1.0,0.0,0.0,0.0,0.0,1.0
1.3970855886270865,0.8187691942140433,-0.25545044748331763,-1.7070029964127216,1.2342305106873592,1.1222212506613192,0.9047365135415114,-0.1334051954811098,-1.347186379176635,-1.204180946332837,-0.7963313192394923,-0.0688836590318288,0.30714941294566167,0.08475229944166292,0.19261037647562676,1.314684396244359,1.1308581062811378,0.0,0.0,0.0,0.0,1.0,0.0,1.0,0.0,0.0,0.0,0.0,0.0,0.0,1.0,1.0,0.0,0.0,0.0,0.0,0.0,1.0
-1.1562632596829945,-0.29755581887294397,-0.48695851496650033,0.22362747785961076,0.45937421926076194,-0.2871895686138007,1.2776157752413053,1.478716412314907,-0.37658687614322306,-0.532209871356303,-0.6825000095667042,-1.2743476920888372,-1.2591597824240062,0.08475229944166292,-0.2718536219154022,-0.6573421981221795,-0.7366427908525757,1.0,0.0,0.0,0.0,0.0,0.0,0.0,0.0,1.0,0.0,0.0,1.0,0.0,0.0,1.0,0.0,0.0,0.0,1.0,0.0,0.0
1.104840908563081,-0.7784342860488771,0.7559741424227194,0.08833549981856464,1.262853170528975,-1.1953454940044639,0.029081526025192747,-0.849903687834895,1.5677493462111463,0.621315866362392,-1.3654878676034339,1.1365803740251796,0.8419866991694508,0.08475229944166292,0.25896237624577373,1.314684396244359,1.2626816990199883,0.0,0.0,0.0,1.0,0.0,1.0,0.0,0.0,0.0,0.0,0.0,0.0,0.0,1.0,0.0,0.0,1.0,0.0,0.0,0.0,1.0
-1.1036794418168066,1.5744353569190794,1.8907431945124187,0.9939548950974446,-1.2879710148797807,-0.29308668501244123,1.8002580190992132,1.4190082046187582,1.4523512170577217,1.3462322566057332,-1.4793191772762218,1.1365803740251796,0.7273787092643531,1.0416330995894658,1.420122372223346,0.6573421981221795,0.8672109208034372,0.0,0.0,1.0,0.0,0.0,1.0,0.0,0.0,0.0,0.0,0.0,0.0,0.0,1.0,0.0,0.0,1.0,0.0,0.0,1.0,0.0
1.3070863618945727,0.8015949632434731,1.6990848763501119,0.2502674446697553,-1.1973325920479976,0.7801884995401603,-0.03510260918542748,-0.3125298185695561,-1.4454866519271337,-1.2843204863541717,-0.113343461202763,-0.0688836590318288,-0.18948520997642815,0.08475229944166292,-0.3382056216855492,0.0,-0.09949542594813222,0.0,0.0,0.0,0.0,1.0,1.0,0.0,0.0,0.0,0.0,0.0,1.0,0.0,0.0,1.0,0.0,0.0,1.0,0.0,0.0,0.0
-0.5019992181556193,1.282473430419406,-0.4338255158719991,-1.1680667045048836,1.5122792062916273,1.4583568853838376,-0.8435170741001442,-0.9693201032271925,0.04924380674306615,-1.329975529284339,0.7403913613431491,1.1365803740251796,0.7273787092643531,0.08475229944166292,0.09308237682040628,0.6573421981221795,0.7353873280645867,0.0,0.0,0.0,0.0,1.0,0.0,0.0,1.0,0.0,0.0,0.0,0.0,0.0,1.0,0.0,0.0,1.0,0.0,0.0,0.0,1.0
0.733720501699794,0.33789072703811013,-1.3313936791469623,1.0512796404323623,-1.3677055672957104,-0.741267531309132,-1.6251881493437692,-0.9096118955310438,-0.4734999697926529,-0.7761875233418394,1.4233792193798787,-1.2743476920888372,-1.717591742044397,-1.829009300853943,-1.997005615939224,-1.9720265943665387,-1.923055125502229,0.0,0.0,1.0,0.0,0.0,0.0,0.0,0.0,1.0,0.0,0.0,0.0,0.0,1.0,0.0,0.0,1.0,0.0,0.0,1.0,0.0
-0.9742423516846522,0.8531176561551805,0.3897359700927662,-1.2726739040211565,0.9575447988850744,0.968896224296662,-0.13749158678332166,-0.1334051954811098,-1.6778710016184415,0.059265235999741796,0.7973070161795434,-0.0688836590318288,-0.0748772200713305,0.08475229944166292,-0.1391496223751082,0.0,-0.2972308150564078,0.0,0.0,0.0,0.0,1.0,0.0,1.0,0.0,0.0,0.0,0.0,0.0,1.0,0.0,0.0,1.0,0.0,0.0,0.0,0.0,1.0
1.4152876794269207,-0.10863927819668413,-0.36171644567231936,0.07885111372908915,-1.3724760106026463,-0.09258472745865853,-0.07712793581142888,-1.685818595580978,-1.4376769123501523,-1.1711539623856413,-0.3979217353847333,-1.2743476920888372,-1.373767772329104,-1.829009300853943,-2.129709615479518,-1.9720265943665387,-1.8351727303429954,0.0,0.0,0.0,0.0,1.0,0.0,0.0,1.0,0.0,0.0,0.0,0.0,1.0,0.0,0.0,0.0,1.0,0.0,0.0,0.0,1.0
0.6245079569007888,-1.723016989430173,-1.7412768150188271,0.9295168601954205,-0.9070170422258951,-0.6469136689308812,-1.4486817775145635,0.22484405069578284,-0.0488204562550048,0.8855765662806292,0.05740350330641955,1.1365803740251796,1.071202678979646,1.0416330995894658,1.0551863734875377,-0.6573421981221795,-0.5389074017443001,0.0,0.0,0.0,1.0,0.0,0.0,0.0,0.0,0.0,1.0,0.0,0.0,1.0,0.0,1.0,0.0,0.0,0.0,0.0,0.0,1.0
0.46979018510219756,-1.0016992886662741,0.799619105964631,-0.8231418986332265,-0.9431361129784103,-1.4725099647405753,0.7916501800751808,-1.148444726315639,-1.5351257260289517,0.946903089615908,-0.6825000095667042,-1.2743476920888372,-1.1827544558206078,-1.829009300853943,-1.665245617088489,-1.9720265943665387,-1.9450257242920375,0.0,1.0,0.0,0.0,0.0,0.0,0.0,0.0,0.0,1.0,1.0,0.0,0.0,0.0,0.0,1.0,0.0,0.0,1.0,0.0,0.0
1.5427023150257602,1.1107311207137165,0.0026241195471156417,0.6091398771435821,-1.08693090408748,0.5914807747836588,1.2409391265495227,-0.9693201032271925,-1.3041784380620305,1.5845458054576236,-1.3085722127670396,-0.0688836590318288,-0.03667455676963128,-0.87212850070614,-0.5704376208810636,0.0,-0.2093484198971742,0.0,0.0,1.0,0.0,0.0,0.0,0.0,1.0,0.0,0.0,1.0,0.0,0.0,0.0,0.0,0.0,1.0,0.0,0.0,0.0,1.0
-0.8842431249521384,-0.984525057695704,-0.7905756526493634,-1.0259403894287742,1.127236282231796,1.1693981818504446,1.049150817765407,0.8219261276572706,0.42644970985757824,0.8389792823787936,0.11431915814281374,-1.2743476920888372,-1.6411864154409985,-0.87212850070614,-0.9685496195019456,0.6573421981221795,0.49371074137669446,0.0,0.0,0.0,0.0,1.0,0.0,0.0,1.0,0.0,0.0,0.0,1.0,0.0,0.0,0.0,0.0,1.0,0.0,0.0,0.0,1.0
0.5658567754346563,0.5955041915966461,1.2057070276154596,-1.38634706082884,-0.9254173235526478,1.6824473085321836,0.8917468671298387,-0.3125298185695561,-0.8279763926927873,-1.6130654855894027,0.6834757065067549,-1.2743476920888372,-0.877133149407014,-0.87212850070614,-0.935373619616872,-1.314684396244359,-1.4616725509162527,0.0,0.0,1.0,0.0,0.0,0.0,1.0,0.0,0.0,0.0,0.0,1.0,0.0,0.0,1.0,0.0,0.0,0.0,1.0,0.0,0.0
-1.4677212578134915,0.47528457480266245,-0.5457843353925548,-0.7305296579948197,1.1715332557962017,0.7566000339455982,-0.5653858215207898,-0.2528216108734073,-1.2542878003616862,-0.3241820111291832,1.480294874216273,-0.0688836590318288,-0.15128254667472893,0.08475229944166292,-0.2718536219154022,0.0,0.12021056194995172,1.0,0.0,0.0,0.0,0.0,1.0,0.0,0.0,0.0,0.0,0.0,1.0,0.0,0.0,0.0,1.0,0.0,1.0,0.0,0.0,0.0
0.9076515915648766,-1.0016992886662741,-1.5249496044197872,0.7392712333418257,-0.05242619838336768,-1.7260859698821238,0.7824810179022352,-1.0887365186194902,1.1412230701786499,-1.4174999040665768,0.39889743232478464,-1.2743476920888372,-1.717591742044397,-1.829009300853943,-2.0965336155944443,-1.314684396244359,-1.4616725509162527,0.0,1.0,0.0,0.0,0.0,0.0,0.0,1.0,0.0,0.0,1.0,0.0,0.0,0.0,0.0,0.0,1.0,0.0,0.0,0.0,1.0
-1.2644645772153424,-0.7269115931371696,-0.35602362434076545,0.7444318551846282,-0.6589539902652252,0.29662495485162577,1.7398943681273205,-0.37223802626570485,-1.2576747061238438,0.49895581095986846,0.28506612265199627,-0.0688836590318288,0.3835547395490601,0.08475229944166292,0.12625837670547976,1.314684396244359,1.1088875074913296,0.0,1.0,0.0,0.0,0.0,0.0,1.0,0.0,0.0,0.0,0.0,0.0,1.0,0.0,1.0,0.0,0.0,0.0,0.0,0.0,1.0
-1.252329850015453,1.0248599658608717,-0.3863853381090518,0.3725881299707835,0.4784559924885059,0.26713937285842254,-1.5541271425034395,1.6578410354033533,-1.3762624214103467,1.1198965020518776,1.0818852903615142,-1.2743476920888372,-1.4883757622342015,0.08475229944166292,-0.37138162157062266,-1.314684396244359,-1.4836431497060611,0.0,0.0,1.0,0.0,0.0,0.0,0.0,1.0,0.0,0.0,0.0,1.0,0.0,0.0,0.0,0.0,1.0,0.0,0.0,0.0,1.0
-0.8306480798192931,0.5611557296555073,1.644054270145093,0.9521120152909355,0.7299265039541298,-1.3545676367677617,-0.08400480744113818,0.22484405069578284,1.038719668242344,-0.015559692781565437,1.5372105290526672,-0.0688836590318288,-0.4569038530883227,0.08475229944166292,-0.2718536219154022,0.6573421981221795,0.4497695437970777,0.0,0.0,0.0,0.0,1.0,0.0,0.0,0.0,0.0,1.0,1.0,0.0,0.0,0.0,0.0,1.0,0.0,0.0,0.0,1.0,0.0
1.6600046779580258,-1.6371458345773282,1.9666474789331354,1.446555378337852,-1.2900154905827532,-1.1776541448085418,0.1154244698204318,-0.013988780088812245,-1.0116161614089494,-0.3121022112106994,0.3419817774883905,-0.0688836590318288,0.3453520762473609,0.08475229944166292,0.29213837613084725,0.6573421981221795,0.8891815195932455,0.0,0.0,0.0,0.0,1.0,0.0,0.0,0.0,0.0,1.0,0.0,0.0,1.0,0.0,0.0,0.0,1.0,0.0,1.0,0.0,0.0
0.6265304114341033,0.4581103438320938,-0.7734971886547024,0.28667075010141807,-1.250488960325284,1.1458097162558825,0.8420805720263828,-1.3275693494040852,-1.0077803120369329,-1.0708596004022553,-0.7963313192394923,-1.2743476920888372,-1.373767772329104,-1.829009300853943,-1.9306536161690768,-0.6573421981221795,-0.7366427908525757,1.0,0.0,0.0,0.0,0.0,1.0,0.0,0.0,0.0,0.0,1.0,0.0,0.0,0.0,0.0,1.0,0.0,1.0,0.0,0.0,0.0
0.4849585941020596,-0.8471312099311532,1.0463080303319565,0.5007668184447231,-1.2784301282659087,-1.0833002824302909,1.0995812097166089,-0.849903687834895,1.7579229095078484,-0.5327931472755686,-0.7963313192394923,-0.0688836590318288,-0.18948520997642815,-0.87212850070614,-0.6367896206512106,-1.314684396244359,-1.307878359387594,0.0,0.0,0.0,0.0,1.0,0.0,0.0,1.0,0.0,0.0,0.0,0.0,0.0,1.0,0.0,0.0,1.0,1.0,0.0,0.0,0.0
-0.29672008302415526,-0.38342697372578877,0.5586230029288588,0.08554597449813087,1.6001916615194467,-0.4346174785798174,1.1698781197091932,1.239883581530312,0.18705429527841905,-0.9476919582136032,0.5696443968339666,1.1365803740251796,1.071202678979646,1.9985138997372687,1.619178371533787,1.314684396244359,1.1967699026505632,0.0,1.0,0.0,0.0,0.0,1.0,0.0,0.0,0.0,0.0,0.0,1.0,0.0,0.0,0.0,0.0,1.0,0.0,0.0,0.0,1.0
0.12395045990534719,-1.0016992886662741,-1.5211543901987516,0.26686512032633725,-0.22348066553207122,-1.4548186155446532,-1.1995862051495374,-0.3125298185695561,0.701207344461557,0.9012384043634073,-1.4793191772762218,-1.2743476920888372,-1.6793890787426977,-1.829009300853943,-1.6320696172034155,0.0,0.07626936437033494,0.0,0.0,1.0,0.0,0.0,0.0,1.0,0.0,0.0,0.0,0.0,0.0,0.0,1.0,0.0,1.0,0.0,0.0,0.0,1.0,0.0
-1.2007572594159226,0.750072270331767,-0.7450330819969336,0.19642960598537998,-0.517885166760119,1.2342664622354929,0.33166387773240247,0.46367688148037794,0.7787532677946383,1.5156997931759018,-1.137825248257857,-1.2743476920888372,-0.7243224962002172,0.08475229944166292,-0.37138162157062266,-0.6573421981221795,-0.5389074017443001,0.0,0.0,1.0,0.0,0.0,0.0,0.0,0.0,0.0,1.0,0.0,0.0,1.0,0.0,0.0,1.0,0.0,0.0,0.0,0.0,1.0
-1.0450282603506742,-0.005593892373270655,-0.8531966872964535,0.3552930729840933,-1.1087386449191872,0.8627481291211301,-1.266062630903394,-0.43194623396185367,0.604062939146106,1.2401668801253094,-1.137825248257857,1.1365803740251796,1.2622159954881422,1.0416330995894658,0.8561303741770967,1.314684396244359,1.3505640941792219,0.0,1.0,0.0,0.0,0.0,1.0,0.0,0.0,0.0,0.0,0.0,0.0,0.0,1.0,0.0,1.0,0.0,1.0,0.0,0.0,0.0
-1.14210607794979,-1.5512746797244819,1.1506764214104408,-0.49035152790545716,-0.5846713730572222,-1.578658059916107,-0.1138045845032119,0.5830932968726754,-1.319429946507143,0.08243911983277698,-0.22717477087555074,-0.0688836590318288,-0.30409319988152583,0.08475229944166292,0.05990637693533278,1.314684396244359,1.2407111002301798,1.0,0.0,0.0,0.0,0.0,0.0,1.0,0.0,0.0,0.0,0.0,1.0,0.0,0.0,0.0,0.0,1.0,0.0,0.0,0.0,1.0
0.7013612291667553,0.8187691942140433,1.8243269456442934,0.8610340135787672,-1.6614285766227674,-1.549172477922904,-1.492235297836056,-0.2528216108734073,0.7677591928870326,0.8486750603917601,-0.2840904257119449,-1.2743476920888372,-0.7625251595019165,-0.87212850070614,-0.802669620076578,0.0,-0.011613030788898642,1.0,0.0,0.0,0.0,0.0,0.0,0.0,0.0,1.0,0.0,0.0,1.0,0.0,0.0,0.0,0.0,1.0,0.0,0.0,1.0,0.0
1.6579822234247104,-0.2288588949906678,0.8907042472694899,-0.296340041869276,-0.7250587046613377,0.6622461715673473,0.0879169833015946,-0.849903687834895,0.7767661154236378,0.9229945284866489,-1.4793191772762218,1.1365803740251796,0.9183920257728492,0.08475229944166292,0.3253143760159207,-0.6573421981221795,-0.3851132102156414,0.0,1.0,0.0,0.0,0.0,0.0,0.0,0.0,0.0,1.0,0.0,0.0,0.0,1.0,0.0,1.0,0.0,0.0,0.0,1.0,0.0
-1.4100813036140165,-0.3147300498435126,-0.0770753790946355,0.29782885138315396,-0.6644059254731519,0.8332625471279264,-1.5854551132610042,-1.7455268032771265,0.11270873604134937,0.902391592281517,0.7403913613431491,-1.2743476920888372,-0.877133149407014,-1.829009300853943,-1.731597616858636,-0.6573421981221795,-0.868466383591426,0.0,0.0,1.0,0.0,0.0,0.0,0.0,1.0,0.0,0.0,0.0,0.0,1.0,0.0,0.0,0.0,1.0,1.0,0.0,0.0,0.0
1.3536028161608158,1.282473430419406,-0.25355284037279946,-0.5578580406599583,0.5220714741519203,-1.4725099647405753,-1.2439038223187753,1.777257450795651,1.5866268101091083,1.405039258032204,-0.8532469740758865,1.1365803740251796,1.1858106688847436,1.9985138997372687,2.017290370154669,2.629368792488718,2.6028882251983005,0.0,1.0,0.0,0.0,0.0,0.0,1.0,0.0,0.0,0.0,0.0,0.0,1.0,0.0,0.0,0.0,1.0,0.0,0.0,0.0,1.0
0.06024314210592708,0.28636803412640266,-0.00876152311599147,1.1330127323210764,0.7605936394987183,0.7035259863578323,-0.5111349453308609,0.22484405069578284,-1.0957459001249006,1.339297227723403,-0.5117530450575216,1.1365803740251796,1.1476080055830444,1.0416330995894658,1.1215383732576847,1.9720265943665387,2.0096820578734738,0.0,0.0,0.0,1.0,0.0,1.0,0.0,0.0,0.0,0.0,0.0,0.0,1.0,0.0,0.0,1.0,0.0,0.0,1.0,0.0,0.0
-0.4534603093560613,0.6298526535377834,0.042473868867991545,-0.10609441501568122,1.1640368448853025,1.2755462770259767,-1.30732386068165,1.4190082046187582,1.1475534652535846,0.15895263916690558,0.5696443968339666,-0.0688836590318288,-0.342295863183225,0.08475229944166292,0.49119437544128824,1.314684396244359,1.3285934953894134,0.0,0.0,1.0,0.0,0.0,1.0,0.0,0.0,0.0,0.0,1.0,0.0,0.0,0.0,1.0,0.0,0.0,1.0,0.0,0.0,0.0
-0.11571040229247041,1.282473430419406,-0.10933469997343999,-1.5189889898154738,0.6058949779737944,1.1988837638436485,-0.434725260556313,0.2845522583919316,1.2470087763650592,0.661577129511286,1.480294874216273,-1.2743476920888372,-1.0681464659155102,-0.87212850070614,-0.7694936201915046,-1.314684396244359,-1.1101429702793184,0.0,0.0,0.0,1.0,0.0,0.0,0.0,0.0,0.0,1.0,0.0,1.0,0.0,0.0,0.0,1.0,0.0,1.0,0.0,0.0,0.0
1.5062981334260916,0.750072270331767,0.9533252819165801,0.45501860318960646,0.9568633069840832,1.6293732609444176,-0.8603272047505447,-1.4469857647963829,0.8643191009818924,1.4241716555000408,0.8542226710159375,-1.2743476920888372,-1.373767772329104,-1.829009300853943,-1.997005615939224,-1.314684396244359,-1.1760547666487435,1.0,0.0,0.0,0.0,0.0,1.0,0.0,0.0,0.0,0.0,0.0,0.0,0.0,1.0,0.0,0.0,1.0,0.0,0.0,0.0,1.0
-0.7093008078203982,1.471389971095666,0.5491349673762692,-1.2644448043258765,0.10636141454750055,-1.1481685628153384,0.7534453376879069,-1.2081529340117876,-1.5518437283279987,-0.6754348973023966,-1.2516565579306453,1.1365803740251796,1.5296346386000366,1.0416330995894658,0.6570743748666557,0.0,-0.14343662352774902,0.0,0.0,0.0,1.0,0.0,0.0,1.0,0.0,0.0,0.0,0.0,0.0,1.0,0.0,0.0,1.0,0.0,0.0,1.0,0.0,0.0
1.6822516778244896,-1.3108354461365161,0.7730526064173805,1.3624511899267688,0.9909379020336258,0.7919827323374425,0.27435661415149154,-1.3275693494040852,0.3671291836650185,0.07066499844854938,1.5372105290526672,1.1365803740251796,0.7273787092643531,0.08475229944166292,-0.1059736224900347,0.6573421981221795,0.69144613048497,0.0,1.0,0.0,0.0,0.0,0.0,1.0,0.0,0.0,0.0,0.0,1.0,0.0,0.0,0.0,0.0,1.0,0.0,1.0,0.0,0.0
-1.6335625295453147,0.1661484173324205,0.3745551132086227,-0.8707033053466252,0.8219279105878944,1.021970271884428,0.035958397654902045,-0.1334051954811098,-1.3504830540439825,-1.5318339948549409,1.4233792193798787,1.1365803740251796,1.415026648694939,1.0416330995894658,1.154714373142758,0.0,-0.16540722231755742,0.0,1.0,0.0,0.0,0.0,0.0,0.0,1.0,0.0,0.0,0.0,0.0,1.0,0.0,1.0,0.0,0.0,1.0,0.0,0.0,0.0
1.5336012696258434,-0.005593892373270655,-0.8835584010647398,0.33604534827309873,-0.8579496253545539,-0.5348684573567087,-0.34609002621783747,0.4039686737842291,-0.9137821046448046,0.5676323213648196,1.1957166000343027,-0.0688836590318288,0.0015281065320679361,0.08475229944166292,0.22578637636070026,0.6573421981221795,0.6255343341155448,0.0,0.0,0.0,1.0,0.0,0.0,0.0,0.0,0.0,1.0,0.0,0.0,0.0,1.0,0.0,0.0,1.0,0.0,0.0,0.0,1.0
0.3292295950368109,1.4885642020662346,-0.7412378677758978,-1.5097835562580417,1.6717483111234859,-1.1481685628153384,-0.5310014633722432,0.8816343353534193,-1.216518363769507,1.447244210366824,1.4233792193798787,-0.0688836590318288,0.03973076983376715,0.08475229944166292,0.5243703753263617,0.6573421981221795,0.5596225377461196,0.0,0.0,1.0,0.0,0.0,0.0,0.0,0.0,0.0,1.0,0.0,0.0,0.0,1.0,1.0,0.0,0.0,0.0,0.0,1.0,0.0
-1.0834548964836574,1.5057384330368033,-0.7905756526493634,-1.4471587128142998,-0.23711050355188842,0.7860856159388009,0.45544756706717016,-0.3125298185695561,-0.8140677078859047,0.6513467946813588,-1.7069817966217986,1.1365803740251796,0.6891760459626539,0.08475229944166292,0.42484237567114125,-0.6573421981221795,-0.40708380900544977,0.0,0.0,1.0,0.0,0.0,0.0,1.0,0.0,0.0,0.0,0.0,1.0,0.0,0.0,1.0,0.0,0.0,1.0,0.0,0.0,0.0
-1.040983351284044,0.5096330367437998,0.5794966811445554,-0.957457542812121,0.6454215082312647,-0.5702511557485526,-0.3101774743737997,-1.148444726315639,-0.6638680891381953,-0.762716691554405,0.7973070161795434,1.1365803740251796,0.9183920257728492,0.08475229944166292,0.15943437659055326,-0.6573421981221795,-0.6927015932729589,1.0,0.0,0.0,0.0,0.0,0.0,0.0,0.0,1.0,0.0,0.0,0.0,1.0,0.0,0.0,0.0,1.0,0.0,1.0,0.0,0.0
0.5911374571010928,-0.7097373621666009,0.00641933376815202,-1.2990349182992573,-1.5074114069988347,-1.4253330335514498,-1.3394159282869602,-1.626110387884829,1.729336435513512,0.02639997240603003,0.39889743232478464,1.1365803740251796,0.7655813725660523,0.08475229944166292,-0.23867762203032866,0.6573421981221795,0.33991654984803565,0.0,0.0,0.0,0.0,1.0,0.0,0.0,0.0,1.0,0.0,0.0,1.0,0.0,0.0,0.0,1.0,0.0,0.0,1.0,0.0,0.0
0.9521455912978052,1.471389971095666,-0.6520503335815572,0.6954756858110126,-1.6791473660485294,0.5207153779999711,0.6671023938926676,-1.148444726315639,1.4948465140379534,1.2570067731679986,0.9111383258523317,-0.0688836590318288,-0.18948520997642815,-0.87212850070614,-0.802669620076578,0.0,-0.03358362957870704,0.0,0.0,0.0,1.0,0.0,1.0,0.0,0.0,0.0,0.0,0.0,0.0,1.0,0.0,0.0,0.0,1.0,0.0,0.0,0.0,1.0
0.7215857744999047,1.282473430419406,1.653542305697682,-0.3254905814678108,1.3793882855984112,0.9335135259048176,-1.3959590950201255,-1.3275693494040852,0.8176778809268053,0.8430080814777673,1.3095479097070903,1.1365803740251796,1.4532293119966382,0.08475229944166292,0.5243703753263617,0.0,-0.09949542594813222,0.0,0.0,0.0,1.0,0.0,0.0,1.0,0.0,0.0,0.0,0.0,0.0,1.0,0.0,1.0,0.0,0.0,0.0,0.0,1.0,0.0
-0.7285141258868897,0.835943425184612,-1.3883218924624992,-0.9510416345751228,-0.02380353854175181,0.4322586320203609,-1.286693245792522,-1.5066939724925315,1.6640002860352627,-0.45211482134853254,0.6265600516703608,-1.2743476920888372,-0.7243224962002172,-1.829009300853943,-1.466189617778048,-1.9720265943665387,-1.6813785388143367,0.0,0.0,0.0,0.0,1.0,0.0,0.0,0.0,1.0,0.0,0.0,0.0,1.0,0.0,0.0,0.0,1.0,1.0,0.0,0.0,0.0
1.3131537254945176,-0.45212389760806493,-1.7583552790134882,-1.4252609390488933,1.4073294535390357,-0.6351194361336001,-0.0427435776628821,0.7622179199611218,-1.2094903028631847,1.0290599049670726,1.1388009451979084,-1.2743476920888372,-1.0681464659155102,-0.87212850070614,-0.5040856211109166,0.6573421981221795,0.5156813401665028,1.0,0.0,0.0,0.0,0.0,1.0,0.0,0.0,0.0,0.0,0.0,0.0,0.0,1.0,1.0,0.0,0.0,1.0,0.0,0.0,0.0
0.4637228215022529,0.20049687927355783,-0.8778655797331859,0.5105301570662422,0.0913685927257019,0.46764133041220524,-0.20778849677590558,-1.387277557100234,-1.6761012048332546,0.11532586719729807,1.480294874216273,1.1365803740251796,1.1476080055830444,0.08475229944166292,0.22578637636070026,0.0,-0.2972308150564078,0.0,0.0,0.0,1.0,0.0,0.0,0.0,0.0,0.0,1.0,1.0,0.0,0.0,0.0,0.0,0.0,1.0,0.0,0.0,1.0,0.0
